	0	1	2	3	4	5	6	7	8	9	10	11	12	13	14	15	16	17	18	19	20	21	22	23	24	25	26	27	28	29	30	31	32	33
0	-13.846703864336988	9.593540527299762	16.52935169544152	-38.93394652622414	-38.51646740220768	39.33362441709372	-41.570211173287326	25.81662659337989	12.906787637034357	-4.8203909786311785	-28.67370816499019	-7.876784786640602	7.163000680710303	63.902698638861864	42.43837417976492	8.612939243964318	23.669604691004583	45.76044921807482	-24.065256706234564	-5.19733251540384	0.9327947903898843	33.65413533329457	27.45831696639177	-7.123187197994667	-45.66366263591503	24.377642313112734	-9.289640062554545	32.2648362433366	-14.547589635015598	-60.399874049410194	16.02680785290263	9.6714912966808	18.48761116576576	2.7173076644461824
1	-41.840523992671315	-2.8213558705479374	-25.760774475638048	57.258376337059424	-47.7729909732894	5.37640001757463	50.078024176885535	19.51348798045175	-3.9071972538606587	-70.77528190806	55.34951418943279	-9.429425307997093	23.117796467999472	21.873217845240983	-17.429494818725523	31.980557464584614	13.468605968463992	-12.131246416899213	24.226614130967036	-9.493839862065238	7.237205267683851	-38.784463160269	-1.4563776547633496	41.107428417790835	14.65435635685625	19.34112048213524	-48.996936742495876	-32.544473738077336	28.242511773772218	33.815797631878674	-30.36031533748472	41.288954737958306	-59.484061680976566	-6.138021162816341
2	30.06330914908356	-30.920041015786442	90.20761241714209	19.6991640348962	-14.450899756286823	99.2559518317432	99.49086347251573	13.129450187283059	-56.89055010560852	29.502756034267367	-33.33125876306896	-82.40624155411703	17.98535823274449	-13.370777765177397	29.250129253249575	39.77015029831735	-60.3358070347768	19.34292708518071	-68.45073511330872	-52.346943706103886	-76.9725228958767	66.25719904215818	-97.11193741467082	81.62734471381344	-16.489322094873224	75.95825382762037	-35.672617456014876	-33.13885164700165	11.786706521287396	9.409929463364303	-38.70158253788331	-25.96538657046846	5.463372078922017	25.107901673033226
3	-39.35610213775991	-157.5984884636953	69.32508708388904	131.9624916768162	35.46976536578669	-72.3650602754266	85.0896796875316	-21.693245742250408	2.9672400881552052	-36.73840902324639	30.560167348736925	3.6709006321750075	-7.847670349158513	17.301171448798865	-95.01137599927299	-12.179990602659837	-11.696639149419417	-95.95150471942371	102.58714457113358	-15.708840791128265	-37.819354010098515	-163.75565476017726	42.7334754104581	46.71406332864305	44.039539367788294	-90.57639461378216	11.894455474149153	-61.12581499474486	24.995437570547345	101.59967296515256	-101.65110733746792	-38.89249624947643	47.875299620034625	24.18561309911127
4	-56.685085021364415	-47.628480882931605	1.2413925414697673	-33.037890239670894	86.99072023952948	37.67407161689572	-143.72656116338968	-32.797411696415324	53.40300096883472	16.40855247278765	-12.69361250391377	-14.160424606636404	-24.114501821748473	27.715796272367033	37.51969246480867	13.935122176373973	-23.538962801083848	51.638158355388406	-54.678107642774734	-11.460581822083007	-9.583727575398148	64.04629077906766	91.43701525462217	-30.211839231502253	10.845210596097319	11.918314926584959	-42.476456296595146	17.33712832441777	69.17765649609402	-14.05829525987603	-30.662803772564374	-82.79236228744784	19.467436130024502	0.6321764900900815
5	-74.75284483417407	-75.35758177404496	55.77439562159424	-30.088853465317076	58.719310579152	91.61556026347968	-71.59128412769218	-13.580779615235338	-65.55316330610428	-21.563821148224676	81.19888671575755	17.176858789994473	-54.10159133729932	-62.84235986967853	-37.97518822581389	17.210807002686433	8.013828318283915	-68.13244824489435	43.35359063627871	-35.28423555681287	80.1729091911641	13.965070337317231	-14.99479575186012	29.48306523497622	-2.899407635887844	-59.309822887541685	-57.05185548232681	-14.958127197831839	89.51681244269288	71.25959675113141	4.92014319998043	36.374157199643165	1.1850347562444932	-1.9578390989329242
6	169.54521184702642	143.87929754745994	68.09112099506282	31.83453371166784	34.14724424488318	-89.00688459241485	226.4724856178345	19.803023515411866	-133.89723823070483	-114.0513890532145	-47.914961939592835	-8.462616911463648	52.934425040753126	-21.422945720625883	35.406444556927035	21.95579522540022	62.00621700548943	-46.30222743345016	-134.70245684038622	24.90127105234928	-61.466582823087734	62.897304582128385	-51.73377764677552	-5.511439578823771	27.075503970173386	-33.08218122633077	55.73578635163629	-101.32020814367978	-193.45930802553036	-179.1615422631765	41.98871918508084	3.514074780235316	-49.71829431615067	55.85769684692441
7	49.69842472339957	26.33371470136439	-3.3337581041032402	-32.45286215604738	-54.137591365514645	-49.717518589482694	60.39362094874017	-58.48075803548	26.335051365292806	57.109415556099684	-80.55292301658392	-1.8891995882517256	-78.98991546026996	-63.56181432542823	38.64366090325752	31.12355745783068	23.045495795887163	44.872366985162316	23.046961591170042	-20.437152016003708	-44.25927725427922	8.481613871120906	-41.582185636256064	-10.535038996212096	-17.171661491087264	-21.63100042680757	14.661174175159658	-12.07753771163393	-76.89386784927015	17.900767843630348	74.41601428251133	-8.9007535457784	-58.62208709945796	54.674880893189275
8	-30.27850607744671	59.64617946275716	-87.11401427965734	66.43656470209697	-118.71572590092218	-12.01584685784752	-117.9536629636437	56.745527456212265	349.2718314609191	91.31558253525549	-40.913239918598826	-23.437198957141607	-45.28841272300634	114.9770083758707	-26.16640880646149	-91.16088105899954	-48.286253075488375	109.64524234504624	-3.9977425459226583	12.297589211136941	-101.18635713220006	-60.123650104458314	35.22576930547453	-72.12853131364949	-30.875165909345338	14.084279556692639	76.5724453530404	206.34611443388184	-13.24655804191207	-35.968026597123945	-30.645763793053476	29.882771363971827	87.72713425219374	-69.11458399515112
9	4.708123270224487	42.09551147765883	55.10544196854169	-20.754309931712974	-19.499623678123065	18.626490172742738	-6.987352314403192	68.81007962952627	-89.98459170544517	33.024903662595804	-26.54304204086526	8.673079756283219	3.845414336841785	-25.656993549510325	-2.7384582919160847	22.730735825698186	18.686385455142553	-73.82146625070844	-89.97366794291747	66.76616480276827	22.25772925640801	-57.69824745990078	-22.80952334937425	14.335119614170177	-34.274757078877876	5.830831614583627	9.52196627657595	12.768972297805922	-55.7115997729363	83.0429950170547	16.26122454883442	78.7199080999781	9.694921682154355	36.0505888394713
10	48.04733956255411	-86.94963854967793	-12.023289846558807	-143.92611642094704	11.249658058429763	31.916781472784365	-34.09115625350896	92.66325382417243	143.26038985537733	-71.53278596709583	205.43536244342673	0.2767964127860322	-90.55917400501741	-72.24614892835305	-47.33118554527536	61.46839294487097	86.15084447626795	-46.4863973573411	-75.55816576670156	45.24161597411867	44.82754879545245	53.86419500483083	-11.809013089995029	0.7665196519352848	-47.86254116942034	12.72267076525106	18.4321754264664	-154.4128294349365	-55.02136923737887	-3.347323293409703	34.49457226571564	5.736837027093973	61.124066854792304	12.23705428650357
11	126.86364112705019	45.02436552107922	61.143234981356386	-69.18832345001864	-16.48725118138942	-67.7610768920797	-16.652319194918196	3.373826910297637	23.21541006578972	-13.774307870214574	-3.8769624495731065	4.099361375674037	-42.20189893251302	-26.666931741477413	-0.2631818394877903	12.660334466361844	-6.698640434572898	-113.95574537456797	32.38767519379243	15.00492016925748	-0.02001921823912456	-87.02836206321223	-42.33072791670803	13.086053951521928	54.23280966191436	-2.9635011813484504	32.86391146137591	87.9383373983586	7.833080046642207	-54.41343412135456	66.51248464562755	-24.062513078469646	-62.331233025275964	-11.575655787944886
12	-9.748102253465287	19.512172162510478	8.733335274475865	-32.578874702557734	40.29285738737296	-48.893952205971075	-46.973723172903036	6.470896519449196	-109.94060394903785	32.88188617886646	-134.2891394073567	8.536062409739586	174.54210393278262	-13.547344289211079	-79.65793900579963	-95.49125039774898	-61.416418334267675	-32.52263762636711	17.197285045527643	32.772304327657245	51.584330510140894	-111.73827664191496	-72.21051380442306	56.95202994820394	52.50014751339359	32.53075592254076	8.806186414294315	44.7581899306347	110.36559180569655	26.041528577491313	-81.23213774597534	-10.533867972635006	-20.54852349487137	-13.17272899309012
13	-10.702148495387199	-9.230114377161076	-160.46108645707656	120.78418741686878	136.75186031355597	112.90624820858035	-63.77777625701428	5.881530268018813	4.008237860445485	14.287583596330476	16.983759902646238	76.70369142432286	145.16262090897055	155.05691422464642	-107.95216890374381	-14.963553114030839	23.016473465569167	55.24757845107253	102.53786028882158	-117.23932489532888	-99.15800154505952	-11.55747101132594	38.04158871186081	-27.301797029203303	-60.59496583348133	-100.41701266114495	126.25497545290943	-25.87240795785839	-89.49470351490488	-66.89462927653548	-33.66759368190649	-65.21349633725343	139.4605944306765	-89.36566098594368
14	-38.59997728597189	-32.946168537920414	145.52828535131331	-135.84873965767238	130.72855631896132	29.884130696940474	-89.48220736483889	19.311019723830967	-6.285846920348568	25.21946641867458	-51.9458373450851	83.3868784545239	-39.9541476873386	-53.65746494551848	65.19633117900071	92.9199189730198	-320.64986646216056	21.468653937310116	32.92424989461196	29.38008582997725	-81.65152459027567	-78.64278528807193	128.7731464432294	-24.777489769183024	35.923674133405136	93.44943941098202	-40.585915969797384	-36.7983894688715	-51.37884569809263	15.444835847042263	59.21740004184964	65.86048515748504	75.80278994633186	54.62987198813357
15	50.037289997920446	113.47924199662876	-40.960248756891296	4.923736477259888	6.883342464223167	24.11169381831967	20.97787754384924	-133.5707372655529	49.47518266118913	48.27324357729361	57.05637487276689	-49.8292115171258	-100.71697239388334	-94.92956422760557	6.475207346977813	134.9644981627179	41.71316499929738	134.12040304826644	13.235852010624725	-44.43116485884038	-15.078232907367074	14.031630881936799	-52.179102956322524	-57.38436244981085	-38.030136459101904	-123.1416681144174	19.627808789847364	95.46915198844118	-45.94982722542535	-3.5521479153905515	-2.2835886279785536	14.197773439938988	-12.883082062374587	68.64498704999608
16	53.82696153205369	-34.5237217114081	31.895797665946994	44.57557084486057	-23.405678269685012	30.163600047556937	75.24097387400565	55.28054379905178	-27.96892905191832	-78.43005533174012	42.87261356696207	-58.65322473784386	45.86490045208807	-25.27838676721637	-86.63358768759655	-24.66113911446123	305.74628931125073	-139.95991840187276	-78.70775454615709	28.542723729957284	-4.686379168320762	84.81855929874136	-103.13260321086725	54.06159787923938	0.2660041493082703	-48.31335788732548	-15.815711311729011	43.90951160797221	11.333278926413463	-134.76926950109845	-2.3457914153452415	-12.673059322388944	-23.85150904577305	-19.78553245667489
17	22.152247227939874	98.4638216447247	-64.57176988262178	84.79657927029014	-32.76464243401843	-10.335878042031286	58.94622385013484	-40.99727126734804	-16.194878310404025	-31.687008017753087	30.370348743507854	-48.49584786331199	-58.26643462251213	23.789187354274937	63.090506246937224	-58.02915840418136	18.310246801702778	168.85483103927464	67.3342562921319	-58.08664595415838	47.37442054933868	43.009440441168216	43.45171682248835	8.808882846594615	-73.66064758181739	-23.904925568096637	-9.938121823780397	-29.810846849965344	-35.76151489170198	19.48041679789071	-52.487721734091025	-8.183460487787166	-37.64405754646396	-16.638548584816178
18	-25.706613334725624	-54.93055149466164	36.42312071389757	26.265601671388797	-80.4329950783598	26.056489788777895	16.561739384335134	46.0662062457287	40.9672934799178	11.600246961847308	8.018335760201415	19.867800645086557	-126.84059704487196	35.50026929981902	81.28629650455434	-3.975285414902725	-11.232277825544074	-65.16520461888568	4.638190855798931	-34.02803899225182	-41.13903982597777	50.679451951801994	-45.81809826962571	-123.34945559468088	-46.586356081381844	-52.09546828658816	149.76061462895925	-52.09826952982591	16.475424445085597	33.26159393094677	6.304786950005078	94.73537411495468	-37.58851229643137	-7.893091865787982
19	-160.0917965270131	-117.80074806764222	-23.18962204235368	-19.222478104622123	-78.66835247058813	-41.114823918710414	76.9006111107969	-36.1778912076393	-27.88584059756083	27.976381946900062	-36.45106190172042	-7.879516796517956	138.74805662264876	7.041238685326788	8.20101695746732	-41.75321354981203	-9.577833224226396	144.6953667927762	49.987200177515845	204.72554509286306	29.882878328968328	31.815026352968673	20.68233041257066	-22.898993548191807	1.6900761041847223	131.65876555518588	-71.68802151694952	-165.00182095859023	40.84235546148057	91.07179309169972	-25.82450187211771	-32.9323381710809	-73.55002879786674	130.69283682262312
20	-43.4389460322478	-43.02292930779593	-97.74292173159121	-37.76617559418608	23.08865705211467	-97.6991718787396	-81.48763718056505	-15.747048380022706	-22.518072688854268	32.631797882723525	25.473091131875446	12.76377176453999	-1.7271212342445663	-0.2422333106703669	61.16528677520887	18.355408108194506	-78.7571670303165	89.81212137548282	67.56730501007952	-60.41225242786083	157.41874478549784	-12.593239577631246	54.723729122915465	-29.86109328460863	18.002534753620417	58.87307964594347	-0.5217791512199383	-29.53649001048148	66.74501190461989	68.44541634521678	7.982378759195576	-50.707528976399246	5.010139029251512	-21.850267618028788
21	-62.205958695303806	-32.409247802699966	73.5378825243443	-42.29556032930873	-48.84133429629029	-4.117295189173283	-36.84286892654913	76.15751151905253	13.446631757046816	-70.83428974951701	45.51589591233435	7.412816170287999	48.48330541474421	62.08182507729001	31.391754669566627	-54.72581262292351	12.562799539674733	-87.34810852672693	-76.11196197882273	-8.398957072586159	27.362647505605647	137.88509631038212	78.66894672997529	-35.73177120226939	61.29831878718443	65.17025789558329	-57.087099308795835	10.821871768451764	-47.53930045145688	-54.67166235742527	-48.816494556359785	12.83497087476558	11.259986159227473	-74.87084108279208
22	-62.76494503675466	53.099964579278065	-18.708959073515146	-8.000285105391933	37.96234072929223	-73.84663107345307	24.474770209024648	123.37587895865124	-60.123935206064175	25.41829494390236	-37.65760281595239	-14.329558891948828	12.302553217520066	4.594108774272369	26.149281046587376	81.9187333669569	-15.11806710424274	40.49880385178613	-128.64911412046135	-38.590160553164914	12.178580810866343	-127.6024256655774	186.958195803743	76.47971668885087	-24.35839709081825	-16.931127887248934	-34.0260065662971	-20.082610324745858	-45.71638805594736	-3.2946298569451966	-79.03508143196167	47.698964548700815	1.263632788100033	-111.81768732795013
23	22.87829301328282	63.4095818755013	-74.61684122264245	12.646801349586172	19.86593648105489	9.587023416563339	-7.465426321323639	19.69453037555304	25.552474263924417	15.08204502087967	-9.703038604420302	15.212845551778688	42.255433889832254	-83.5349701254754	-17.578097067209114	-115.32873509088719	-37.05199911056948	42.044900947521754	46.63164002919408	41.03777465018944	66.6124614419259	-95.891292217568	-15.48243475579305	166.29832266871128	-10.85057103582203	42.16279357081318	-17.281010232456186	-84.88279541830352	15.380724985894537	-0.5345966709060759	45.710623151800874	-45.827634387128214	-5.733297435250186	27.60446595348264
24	-58.537126489768916	-70.4153462469843	3.7270851299022243	-35.28153216329575	25.44105626214284	22.66706503569486	-96.15742657124504	-48.08927040694559	42.79892414197891	-26.8519083646572	4.990659738940851	140.91341951490136	59.746080935363416	-107.64078267467774	-11.488266700699338	17.357525896336103	-0.42545883832847764	-51.61968390787636	113.26374043723881	94.12199578732321	-23.028582736486474	35.88844418189763	-126.49422541169687	-58.80011160791162	156.01325382959658	-31.78470300096447	5.471888844366564	-20.365452726638008	114.88827935442114	-18.100056162628448	58.13372356747062	-65.24322390934836	-54.79202254184435	39.84588059101462
25	90.18178750604078	-23.921957026392366	37.494752709668546	10.152394604811294	-2.5615680876811524	31.24477337943293	107.9718352220107	-23.653753278044885	44.70557569866993	-30.557297338781396	-56.78265794716434	-162.17976262586834	-43.573345665867016	-10.126691746295505	0.57464526598089	-33.346926919132265	5.195987520456724	-18.22764267295742	22.022401622079293	-21.12456951510155	19.342901587280686	112.20675239557751	0.9131768017690987	-26.9900894693206	-82.30562676953681	164.4726143928867	40.32285987190183	-56.73257725964933	-39.654313077376536	42.36757147254075	-16.033291828546385	-43.18181667121991	48.08565021520302	19.852720288562153
26	-3.3250321912470815	-14.71662720541969	-35.764548645767064	12.695822722736525	51.597575930938234	-53.08369638317364	-51.48162748491517	11.118990665542105	32.76990083613133	-48.77326803012925	-72.93964175761381	17.196684084389965	-4.82803768938437	6.166978181782542	-22.693876718646077	-54.57646274002384	11.51008381305503	-77.83278596064488	70.1924489985022	55.0127460837735	-18.36840737064194	-70.48855437368476	-8.45878100214819	-19.486148001680935	35.4414802453984	39.13952393151408	127.1662739461185	-69.96661848813305	-29.665596271730294	16.727255833800914	51.889669421489025	16.563436950320707	-29.786356956908886	-86.88887573705156
27	-46.60912729154832	67.19106896269653	18.728094010858964	103.05260825001201	-97.97849365446294	-35.26244083690524	16.08234768719644	-94.3113349658143	-104.84829869675076	71.01019629989499	-36.56874220471942	8.526062199542963	47.54996977040104	25.46970799228716	-21.95227171310811	164.12090380868068	112.79241910598337	0.4925758640861395	-56.43115940188878	-62.66590305712424	-79.03102418015035	14.268454770820483	-17.15896763070568	-63.960565135766366	-27.588576312670575	-111.38375549493053	58.972512085682105	241.70380380489337	-89.80756565130622	21.10771311451217	4.575901168134919	87.60735822001986	-18.78713385347143	-4.673792927578263
28	-4.422794595380119	-80.60426509037376	10.012169616742034	-151.45312381330876	139.88435739577784	-50.11370543199134	-78.72496104787803	-44.296017548211005	36.573132854802964	-14.552908471431362	-90.83956230502928	33.0847968642636	-58.74880954911158	0.10503866579264542	76.20897722799515	99.36103716072559	-87.77608488362175	107.86977261566422	-27.828661879405125	-1.8729493864453346	-22.97765295884816	17.128089471820715	18.44848230350278	-75.22043218682552	19.149429965787334	120.4574254868848	-106.13160966636104	-54.60705660646577	305.6471601509917	11.926629344651847	-39.15861619677834	-36.38689816415624	-44.0374140604708	-72.65892009715813
29	67.6549898611469	128.9425762568614	-104.9975245125491	57.07152946835505	-77.66711586304645	20.26733381191147	20.66827501602949	-123.75223835175713	46.55985876465227	86.10927893985517	4.8918936406106805	-21.43080245566038	62.66302526153715	135.06698701619297	-29.032885941493248	-33.67540625909212	-144.28580046825294	-24.474010942116063	-53.70644486295538	-32.45319623403848	28.236589237030493	-38.722522729151216	-18.4126250538341	-29.85421795373436	55.20358956430127	-57.18489321388499	-38.40663951893114	-48.83936312562936	-34.368100248686886	207.78068184116248	-24.04646045873456	-18.42173192664897	-79.55718264812984	-13.191898018016945
30	-53.45258704739798	-69.74756307315221	-15.923503419948378	152.900737503261	-153.82021540795066	17.925806243744933	144.22477067798576	25.653027475523928	-42.46914633842495	-54.587188488732636	59.180425682103674	56.433462140632074	-31.565672007882497	55.04918234622989	14.05505078795197	-58.72897733145293	-134.48950012408915	-71.85430763951571	19.9638476928328	-11.328356660886433	122.49679946407649	69.05713926163088	51.86251604321753	170.6263784849438	52.904971134804	-92.40459423034204	-44.49241721272369	-4.0851022967994375	-10.347910098600675	-80.71659177320129	200.6375122849419	-21.888607492872197	-33.20594621886033	-20.64607653386445
31	-6.002970516558989	-23.22535225366041	11.566282932466656	-27.393979638652066	-20.802141251465308	26.454868751544968	-15.479648702614838	-28.29608483804297	-24.76005654691639	-14.12384603307449	-4.175546472174198	9.831610068160787	-56.23399414765123	-17.354811795132022	-0.9188681597002726	-11.883339196079373	14.424119909090827	33.278440125822755	59.33105978811326	-34.39318457629312	-58.29193727684906	45.7664208230667	18.401367951408965	-42.69709417885551	-9.238737905803559	-11.8098381995325	-17.530026079207026	34.28146830000273	-20.587225549866492	31.412159306989768	-76.50991944113719	132.89811113075646	61.03777726223433	-89.33368669591202
32	30.14645443396132	18.254543648721736	-140.26524840818593	43.05365733250705	-12.389559858985711	-21.5282748010687	-34.39745009174299	-68.20487975038611	70.64172902362091	11.288984398196261	57.792283671172974	-59.50886081974319	-113.72513249576691	-15.355678864071509	-1.6876225156937357	-20.942685419017327	69.30198505812334	41.08277078818714	14.861683541695323	-109.73842291595633	19.14105386346831	-16.473732740974636	-96.67467814806513	-51.140514140733785	-0.21265312227671584	68.39479110714292	0.7251067730876295	101.52843993203095	-148.63397350438666	-12.755586118200357	-10.749429920883582	9.917680094597745	308.9447976188151	34.91893916718547
33	60.55174033592266	131.59930187712948	-91.76710561705053	201.38824270088477	21.191449614615138	91.11229668548326	-14.455770245761926	11.990579735213451	18.834322898435847	10.961229051348507	160.74821055619515	-132.7623093221525	-107.21428138788839	29.73459562603049	26.668777470701468	-93.47319419271511	187.6468933456224	26.942896746634297	58.13802861442926	73.7204084372576	-68.575976485554	-216.9667978099758	37.366314967193645	-73.86948187263643	-0.27821565627955724	-40.97606722374228	48.23239611623929	-19.89844760563679	-68.69805586985055	-109.3253977656638	1.44709238482737	-66.85715968042845	-188.15487103069722	277.85728216389566
34	35.316365223596	1.524742291032315	-23.038279542827404	-70.61556268853845	19.526717983979946	18.117908706894724	74.54942698458248	-27.931345396646076	-49.059661111500105	16.873248380279197	-10.88227460440417	-27.594688816423492	85.33669617202882	-53.20193692039658	-55.264795232800395	71.40959331467904	-1.5222510472364785	73.31456462433447	-36.83328515614322	25.09918845315884	-24.058779637748486	73.97889056401564	-22.864100399835806	3.2559752991163577	-2.924248017511898	69.40753133434667	-137.14470638107753	70.57760469716186	35.391003200074614	-3.3115430051492676	-61.99096222944613	-69.89975877807854	63.54442849949693	-8.862335868730035
35	-191.42572961777046	30.54956775073658	-91.95115065691647	65.0524414763604	41.15329031848195	-1.5576752595067254	-21.135359662596947	61.58254647919795	61.342175729593855	124.33241693572303	18.43769627430242	-76.77326220145676	6.387570078144387	62.65789651415386	90.03449908148256	21.80456640422883	-99.05266932788943	51.7390187660126	32.50959044436672	-217.0249633119758	-48.23073064345374	-26.649994214726902	-8.487921359414425	-26.016181378408167	112.38969531382568	92.75744736183348	-59.59734945409731	-56.50252448348303	-22.43048470336825	21.610515047347228	-19.977551628699185	-5.48171179736671	20.56530709742871	-62.61532776059477
36	5.01340379205657	31.091860164104645	-13.836606860418335	-2.302641958642207	-14.131162245963228	-27.865107752563684	59.76919263487029	-138.30909042520548	-129.99824465593477	-84.81157688540867	-29.21370650274314	67.46895860244906	-43.92324498964019	-57.484579698809526	15.293134886485236	-7.682488003396721	88.9306558730594	-37.59820366478642	-46.29196606898534	182.9899391131007	13.009927663440447	-10.173058278957875	-70.0492700875995	60.78150021382302	-60.15222898198809	-5.322951127845878	11.620040673520524	105.68398491596041	12.42081410361384	-21.623804364028032	44.460150591848986	33.99034313020844	8.10438042364024	-14.29282231925188
37	-113.49336595632695	-93.13819081806459	-12.637003057304	-118.67461542230073	20.38023462126167	116.89863472232435	-105.1222148068607	43.46580381768045	24.23808132949498	-15.642717453083522	-110.91242482927399	104.4701212731782	7.2841033603697545	42.181896009272194	44.88163952752816	-27.455593749682052	67.97990187779274	-22.433158701493568	-1.93556128062907	25.863995306660563	35.91897950976977	22.971021684060673	-11.615994425176439	36.54832463919958	-36.58509790855024	68.91311281719607	128.63102817149957	15.541661751791498	-71.45179761943088	-98.41872459722637	-2.9804470984724256	119.18810669709107	-37.10591953720236	63.469476887354794
38	-30.084427660490984	-6.312132058979989	49.40299589100495	-85.21974477527785	23.569296998728625	-35.98196719174547	-29.47738000180558	-78.18901654040054	-13.909884776270983	-7.784371830125647	-52.86907987313358	-84.67464998470581	97.86926475821761	-20.658108642195998	-39.771969538040544	18.34252913100669	-52.57629058986298	-33.25164567422485	-37.90691617471984	18.787034445581295	50.659110895826274	16.92512266498626	43.54106449412466	16.25040483362966	19.430786744940484	-39.86329611729463	-52.620203181857256	-10.09992254502332	51.981119199590275	2.293385152818346	-36.520834706843104	-77.28628568482225	0.7810122286687358	34.44198104552415
39	-32.04848338356135	-72.25812406921496	133.51584558359468	-14.275312273248845	36.357863718454254	-19.039137743373832	73.98919322387552	33.87045315224229	-9.536798254523218	44.727210638946815	41.19788774975199	-68.85949125812238	68.40695054477966	-43.29723309749065	-22.244366112119174	-14.498176460062687	47.49642008748273	-122.18623247394818	-30.081931855876626	-63.916690109088044	-14.372486915776529	41.88386255536372	29.40690744545494	38.40316152458273	47.72647307455798	91.14837719402524	124.76328473407247	-64.45942909420808	-68.76482622748324	-43.38075225976525	-0.10362905385723375	-64.42443442156014	-34.27399948335217	-11.216089852154761
40	28.447116288239318	13.583886426990347	-114.32748041380694	11.364483811435319	96.98317844096718	-27.730862277510795	-59.02720576930418	61.294842427121466	-108.8207358692414	23.469137448825048	146.02363994566323	105.46030834161223	-71.30132643018702	-66.6350159297306	-75.07562289943094	71.36097178205691	-82.80483871797212	21.106654816239924	-52.16860985350811	43.89611553832092	1.4634043886329553	-52.1332743963257	-78.59403590943676	0.7587877766877758	18.262385905709806	96.83421807184547	36.11476744157058	43.40423227722012	44.99883873453954	-43.376137463790194	-0.06228954022203359	24.77815763099231	-52.38775230124195	-39.08302605793766
41	-31.65764653198654	-72.31116432844311	-16.671992102441884	-198.98368030714718	65.13478491528588	-45.70680259400544	-30.297753841490234	-5.5240214024239975	-27.012006980781038	20.789457974309105	-242.424715703736	119.10174340369639	243.21641275694816	60.42929567301973	99.8624601534125	-76.12090775665482	-155.04899265391077	-72.28533827789741	-187.73365645904434	150.3203374922185	122.65010073603106	98.96367910328917	-130.23266644540416	18.373366594682047	103.94372508717018	-38.570442947944265	19.876096685363642	-48.685563292625105	76.95189593524609	-13.292215421489221	89.1341991606026	-4.855520976885895	42.58677835068736	-99.82480058289958
42	-105.39953243019937	-62.869881669163306	22.70724319959684	141.7247552116818	98.91233774418593	36.595204160378614	180.23585753124442	8.185385522817082	29.269383939940614	82.38634646951417	87.87372937592714	-187.25073756087662	-219.19927339001174	-22.239224228226217	-164.03626970614758	-49.815755834346774	137.72684605357017	147.18617898338186	114.46693606424606	-151.60131563566927	-88.90177444700046	34.457408562761465	23.30389243759381	26.243939555977224	-194.5595787552244	133.62370525342314	-137.6415584460312	-14.869171124958267	-38.21825683435458	30.410209481873686	71.03881323634782	62.182220114401844	45.61473047385682	80.62264765497957
43	146.75669908905863	39.01787739608704	-14.809856028882162	-94.72735013930424	-80.3658880275697	47.45711027614839	-11.880879452621812	-80.10806101213224	13.623266080596629	-30.32443419237265	-29.06608621617127	-16.94486981741924	29.731804727724523	70.5661653258356	-4.057293627417703	-56.724284520911255	42.709046518945314	-18.1367300327595	-30.612212729901312	159.30982926536367	85.00784251629536	-9.943545456184367	15.612998380791733	34.231652861928254	-2.869185481933761	-15.930890963070906	47.60841628863987	35.40413208370299	-37.28623324983215	-94.77642569559129	48.508325310148	-81.50815090582034	-89.74820227906467	27.949148161753396
44	65.36333836257099	112.56531753645062	-26.028167519410626	-81.19358907596327	32.39038601080127	-75.98245988711034	55.43169336134697	20.75894175211512	-92.00171089149437	-7.914049676590585	23.548254075897987	82.08407894528254	65.8166014288797	-88.77134472609173	-65.7611950896864	-12.129681820666509	-39.105308729973956	-11.548657284879438	-34.795045441350126	65.2519236315667	13.845973977759527	-122.47347965052894	-6.29777075780769	15.599495553004814	68.12694985377018	-123.41625932191215	-27.95253883311061	-101.46457491949779	24.71049545901481	50.42050578222484	-59.47265111661383	53.13356738121528	45.332809324063575	-28.395262812689438
45	40.78757578556316	220.34667588161878	64.57096240142256	91.2386357777513	-352.12829425142473	85.08245237801684	18.70672574713766	-66.9023329371583	141.6228551188367	-10.931950387308678	258.35518176993236	15.381394807532397	-338.22466953660074	53.172094337350295	-250.10461985894423	335.5465683172901	110.95827476633755	-33.95978789192533	330.84906680271865	-369.89408581557376	-273.9584213360834	-95.16160200761945	266.5499151753309	97.85379231187466	-194.09377934642163	-87.14269702699609	174.45271636364404	253.11339393001393	-193.76516098378875	152.47805568759884	-135.96046943571866	-1.1997856693548428	86.92804462135967	-189.98266187724616
46	35.99500623079928	-22.405206890898146	-58.642520137624764	60.888327027875086	186.13992088847232	-131.51244663337258	-17.64513739531521	97.10588101069602	-59.76280847954568	-24.259657901740614	-58.86389885019551	177.85003665218952	42.65414187139779	-65.63692795935165	-62.473518682585954	-93.04360038592692	-103.28286089218128	14.208559025049542	-103.04319895352411	94.89787866537438	-0.005650230368048126	56.21783894437546	-37.2359033467422	23.784709902537386	-26.59978086142406	-136.78285671178	20.262237132844618	42.83537925862124	144.01615428457052	-47.31123941169682	-27.34334550022048	122.92034834186937	-11.367885700427802	-0.4578184308775999
47	95.27725531684429	-237.00167013194454	242.93546632175966	185.126462996869	-57.04148010747888	-31.146142292216425	-146.47299993733776	130.35494664020186	-39.455089833383724	-200.37908153677355	171.2080847228833	-73.86120747552398	45.72668721217759	-345.58180643962606	135.38653460895506	78.28422789204868	110.11978406638904	-70.4813646451232	43.17174169358469	11.875615486706156	104.93067583923428	8.045095313686925	28.234193609875696	-131.91743619512314	22.365851876056453	179.87180750663148	-151.09260809519427	-56.80922722354987	-23.0990731801485	-3.1789197509115934	-93.55682925055561	-71.43079992107353	118.25674396061709	141.4199389557771
48	94.88801739373073	71.46978002921922	-42.29606316452021	-184.09031872613198	174.30190205474307	-159.88078189297104	-143.95740446835697	66.41274363804862	-61.661454319333735	-211.14746665277715	-89.8874659587269	150.383469501775	124.06928752234475	-9.467535705023728	-82.01723318228255	-21.957175453291967	-225.58468126394402	-123.18730959930322	-176.1529692888308	86.9508007080964	320.26835082966784	115.35244285543787	-164.66764638395665	188.39917581069093	186.06483742006571	-135.02447760772253	-4.305292581362042	17.0114023596142	143.71397538755866	-0.9867883454575548	-13.42749542395983	203.79533280147803	-208.2293640521546	86.75108577488554
49	-143.94513326219308	166.17044659536643	-45.59605837680166	147.15939081590895	-94.08943482655162	-16.790350587107167	-115.45002774704747	-185.81283149104212	86.6980115629929	57.83557843221634	-74.74939270051745	36.676585397542375	64.73009119633889	-25.68305240196702	26.927770177066265	-63.495817212306136	31.5721209913229	97.7270500487859	6.589709797626828	-73.74838494521356	-144.23880277921884	-44.51258205257592	69.81595072114635	88.52797072614466	-114.95871763310573	106.56530542626345	86.27811737764885	-14.050891192746846	73.39192613607204	-33.6112593541245	97.06972793262959	28.7831131249661	14.149446587840066	-48.34660505476162
50	89.51236319151369	-273.7251917205692	86.53142657451025	-103.5972606180736	23.21286280320786	37.02214438621316	183.4595545059738	118.52503065707336	-18.747288550455966	44.169095108807895	-53.16040923878868	-184.19951688812608	-112.3971443468261	140.5545198534846	135.35341880395222	59.59791618331017	-15.809979675874303	-6.2319632583717475	206.13098885137663	-19.136349653440732	43.42604153862655	67.017483557968	58.14728809211647	-145.9387889678693	79.16100317110809	-159.87925427853747	-137.34758109852714	74.22604797888863	-95.18614517777601	69.2091602847298	-97.00887624507064	-6.15353934494478	14.422647242166072	74.66491021762909
51	-48.70338483308705	16.956005254934134	-12.366711638402334	78.5327172405797	23.3574984901787	45.221472834292555	100.03479022732526	62.96000055358062	-115.81984401213369	38.8264839345808	4.29268192539876	148.99277651802873	-19.67470199763559	2.8129544840258838	-73.80520574902067	-87.1027222693717	-97.77005408867092	71.53270296996406	-33.55555126550237	180.17319934078859	197.28696360297926	-67.54612942891556	-102.20960614833142	-124.82983019452924	2.895941136638415	162.80123637275713	-102.60922183953397	77.59014522157072	-50.005373734086646	-41.88428079180099	-12.748455000837904	-127.68951343154279	-143.45618416415138	-190.17856883799945
52	38.97780126603587	-130.34377441033243	-146.1290407108324	24.319234208270835	-42.74919385448661	-46.831387965649725	-40.96427288650426	36.82813283653609	168.0855866747931	-21.88460996753203	67.55673332732553	-33.07709338973422	-78.24719819556957	87.01290382914185	61.99748387066056	131.45430263465173	-38.010772010872266	-42.310013359628	10.30839163120095	-326.167231753176	-73.66069782318048	-69.33575267841377	95.54902661428567	-53.05766517757432	-57.871666823877646	-196.8738129761137	-40.9375828889861	-53.43191281203135	148.90550684800758	167.72346292920517	-84.54528778701471	13.249888255856325	192.2514411453558	413.432231461506
53	90.38401040333429	95.58887690174983	113.21130339931156	-101.35607546953808	-165.9745306798519	110.41519062859172	22.54115623527815	-228.01383676292676	-21.452997597739103	-12.21253968996961	-3.2591779494404434	21.856091537469307	-21.86866639791604	95.2327396457014	25.128133383744732	-208.36717933660776	33.07672929905031	48.82043452653417	26.75430958514732	111.53526616751893	-40.561537031751016	190.80328721700317	52.40211598339543	-77.85098743644633	-162.5496877861089	-44.23233481336228	107.18819023048589	38.699327213798206	24.132185861708123	35.16091848012566	124.67690542397597	-210.6472261817162	62.69889261956775	47.681638762774945
54	-158.30707700274078	47.55062829754086	115.9730393810903	-61.73045489901281	178.8560570679855	9.052702218965681	-130.96837532902595	201.9359186255995	-42.76097739713575	-221.3609539523002	-68.94336264754484	143.46427260574038	72.07122824095434	7.4813241498254035	-115.55448749072826	-94.85098539366226	-22.127443814789267	-45.49252065104608	-181.68820574785394	-88.97837426105238	-95.66054219196644	-56.630267923284705	-2.4662167039982217	31.581382650161892	93.20043112670837	9.005086673262408	-6.789515712514341	-118.80256711631331	129.0649404321126	31.199787632183284	-16.589601058360078	90.50231319337543	116.50648666432181	70.89498104464826
55	183.9445761907537	-0.030861184904053374	20.953030470887317	-24.598784048571456	-114.31187918123427	88.92681402914968	80.33975662883132	-215.35125094960193	-29.454525866057875	394.12771180425966	54.81572393524431	-192.5996171971718	-100.62401639322363	-103.55937935003772	96.12195418540294	31.963662823993396	-50.03974330876078	-119.22377731864289	52.47207342311104	114.47893576323382	-61.71889181745164	181.9263433503659	40.36760904405759	37.376311828185116	-49.159701522910126	-28.786839140345826	57.172144545668274	68.26681309031264	-1.7259851143815852	-145.45967042588777	-76.78609369002518	16.3110922530017	-115.55572173038497	-131.13298892651662
56	-0.2299028444359577	-36.955236253061635	38.63140167536408	-159.75015237467662	105.58436952622242	-148.60642151725844	-140.22941102869797	63.18839726235181	81.01829737337397	15.50464582986191	48.38581723944016	45.748021709924735	190.42246774294165	-129.7951739849871	5.11279837286032	156.42249443024497	-38.743115248745255	167.0798911732925	51.95295792986643	-1.6968391553928552	138.77119961269872	-145.74878384818854	-139.0337485093004	-114.4220680273191	-7.547505659006919	-29.52239332389835	-214.37024146194872	108.63809382716673	-26.543776043688215	8.300413834211833	157.04399192887638	33.6344796354779	-185.87241844961875	-28.963910977096447
57	165.63456844648542	-75.6804042931183	-198.35648363741728	79.07184318982843	6.572635552563465	20.730987142498382	51.33070235953391	-58.02979984083591	-54.83356815804265	-48.51642538722102	45.99122547319399	13.250656182809921	46.27769464661579	14.447583758319672	-91.73894748071714	-4.488710827805695	67.55759198930423	64.0184546446677	-36.538086609743836	-45.20358784384258	-143.24363782104126	-53.117002811573784	-17.151814159257974	53.62559254447659	80.33532683660536	37.01747360242748	0.12324782349688956	19.02238977120832	-49.45261245334754	24.71347993305393	57.6216277584697	260.6720011668562	-2.008848253732122	-72.92139769883404
58	-193.42568150960875	112.18707188562037	199.18358176159668	-104.56793232932955	25.95883611608872	-34.100318258202	-24.16292549278542	71.15335339759723	35.91158899317753	9.178541787024653	-67.0057458713617	14.570436275902983	-66.4295436172993	-79.82446395440687	100.58017427643553	5.33259597324502	-51.29081341991112	-159.0146685674448	29.748718391882434	51.933026422926446	119.40116255008763	107.4455729332702	21.28428901344321	-28.443290976397943	-110.82312417016064	2.2494049780999776	40.629284914394454	-29.257593095739796	69.4219464130033	-19.17593231852269	-77.0629869919678	-310.2173423934633	56.15338453952029	103.06747020182496
59	58.44003826014571	103.63501844564112	-145.65565535292194	112.5067378804474	-56.908780229796	69.16660744120311	-4.178060926192694	-32.391340619237994	-61.428157886784	-57.86700462060076	-88.55649854899865	-2.3917159305664244	-62.1470674097674	112.70300262168074	4.012221641811161	-7.738419959923773	-1.0730242475538692	-77.5861695867406	44.1644984726317	42.61452831983317	-92.7724030987725	123.8985719032485	58.99067624712444	49.456307171702356	26.449329131900516	28.716721188255494	98.31568723104925	-92.16286355456862	-11.54285324941345	-1.2148240031775228	-71.31680454516868	15.958781661582583	85.24467342259375	-65.09560559628592
60	-1.2381288343274823	-75.5276101768579	26.691099572580605	48.32341778971722	-21.985722902218214	158.5807387367645	186.38343982659754	-79.80085044896748	95.70933610255723	18.351377249229788	-48.45591076371222	45.28277709968638	118.07366004733306	-35.22047136863344	210.91500063952572	-201.66782966145846	110.93510223788797	-35.679188717618224	13.224658001739533	-62.69747410681732	-74.36499040523945	-99.98464472391547	130.84278548078686	-126.68430392799866	-65.95977585162402	-9.931109361563026	60.2784669454899	50.198769302156556	-133.42463888633313	32.546084987216446	30.499006587808154	132.02179402678732	-156.77336768130417	-37.89285143494971
61	-30.503247150866574	174.1711682388846	145.71013936356317	-11.0799729770757	-92.71271332654636	-21.98828947927439	-284.1448126686529	69.24615361471587	-34.67591765721572	9.661551413851058	26.678768924158124	-153.97959783553986	-52.99769245005857	165.01721575647625	-148.5379882749152	47.39628323576819	-43.12670186123906	218.3641644023965	61.82816780214564	126.46428954781254	69.13903364793349	106.8223926265458	-53.89076193233028	140.02849072096555	89.11631773725497	-85.2907924640281	-22.973185684852773	-31.020443105364436	-33.58587290152915	-79.52574929636098	30.904222526524446	-50.04533762557373	13.555857217088576	-158.95228280001854
62	-77.1848248811725	138.86422290443505	-183.8341571542011	-39.078620146286056	-26.547438139852368	66.1617380409289	-168.83312554696235	141.36257332252663	70.58136724539709	19.496896745046257	14.954088723094143	-60.7189218106674	-166.7089712713386	-127.21489360149052	197.12802975391259	-79.21020081421652	38.96239273810682	243.79173194957121	-135.00327871050186	-26.322248977274434	-256.07549248090504	9.39749371363769	101.02606054540516	223.177471556718	-132.17714289382403	16.211145869762067	132.4180206565874	249.63314737702044	-81.63253054852434	374.1239524631106	21.964489213261754	-124.56565681114175	-10.008933543165046	-19.458089894517638
63	133.29864872976935	-34.71702378893127	-60.94561286331248	71.59154825165304	16.70680047557037	13.852166830712791	160.76567162325006	-5.629275001036022	19.83466270878964	-20.804631149905166	-67.20309824491814	85.3372166640169	80.6725441581063	-10.8071565266744	-36.38128293904633	112.40002244888468	75.70603865386131	-164.6420967556914	168.46303004535983	17.72869310036376	79.10657385162828	49.45926714290235	-46.5206102078633	-114.92294956740727	2.0924845177695457	78.26962815310137	-113.70328283239913	-161.7245481697393	-7.353314794943153	-164.71346641492366	76.18013593149614	88.21337816678536	-12.489429507487722	-43.04975344789925
64	-98.39875708418298	-213.40821948353812	333.7350392638919	-127.21884591499708	-20.662110126826363	-95.59828827747886	26.268759779735035	-183.98314442019353	-41.319695661299995	43.09033971403104	84.79499896207929	-46.21615386028845	30.408778417708426	80.00353559144969	-106.40242873218209	-81.86779974828349	-106.62313588672859	-41.1060605098382	-95.73279896065529	-42.530772161645594	154.63034613075942	-72.6914299818564	-32.64541205389233	-37.90359650842398	136.74525790869689	-174.05338890047452	4.155579066284356	-1.5721866392954336	143.77136325664645	-118.80654934111668	-126.3360848186952	-17.63491512493074	53.84830668304931	141.53454505684184
65	-47.32271532942332	105.06569471082628	-1.6621620318473522	-12.709513126826128	55.34847708362701	-63.467380791685486	-29.08551325871352	-66.85612868978424	-76.83875232455217	-139.46091239866183	83.876137030387	-95.31928016727663	21.362122325653733	-118.94362409133396	-36.84000751621715	7.69935675412942	-95.08498118124163	-99.10512932193849	-4.1543667242045075	57.536195966034775	5.634687222910396	-9.239746643471392	28.663759643821507	113.94092229522839	8.025173988737329	-88.24481893970834	47.888815691580106	74.89030497479928	59.98370700832237	-22.281883183192136	-22.639640981780794	50.4702195268267	-32.89882481165503	31.26272160163705
66	46.2134196082638	69.72885648259214	-165.2420684093132	-50.797912535492756	-43.359138642997564	64.250212677017	67.74952780917877	41.462016396686145	70.32470812189403	13.374215722830588	-91.82349056248565	-46.86064245414769	60.92346513830011	-30.755126721964263	89.96123601969714	204.80731461404454	235.1770623169583	-5.887187776449224	176.17782173801658	-40.660428368956	-91.48325205818726	42.29003992363439	0.14356557412809512	-89.31264699039528	-78.91962431103224	192.94967186895366	30.99961385623461	-102.80320592004841	-139.19075756765105	-143.2254000659144	193.55685462338266	15.426814504767755	38.97550195826838	-63.28715712239176
67	-25.966042189301874	-143.2621671544037	-37.280534124242834	10.674909486403346	56.67348000664542	-15.440068217138528	-101.19638258552622	118.04694852218105	48.37458863244905	79.86074135832082	-66.6565045081145	32.70234972130204	-6.436334429265672	22.471393952199843	105.72668914353609	-68.14371549782874	-16.0792841630063	49.531686460860186	-59.91932531559981	-56.29438669943431	-95.4312249016715	32.84440664318939	-34.14654219466799	-77.78920999224836	25.183238209069962	84.60241524446123	-118.02988446900508	-99.91969792714234	-26.47185453848559	103.12023482952618	-28.737882646219127	-124.4561819752522	65.14020851329978	-6.147622668965453
68	-10.012990132924964	-266.5539240534712	-148.84625693361187	196.90859155897442	-207.35279602267318	125.3840144473063	186.8751499031139	89.83895258749368	-1.451114573345699	178.85239004020085	36.442996536845094	-21.880145423653694	-118.59485920679795	150.00438580053248	-218.86690864305163	214.13634489549656	16.45003391351103	38.56428294767181	65.75466125292239	1.628933517405585	-165.58414633553352	-262.95719181208267	56.58259104613996	-52.52553207382533	-91.61365118608065	21.30677223216535	93.92249492242938	-34.113837262080146	74.19519298517399	77.48411070426339	233.00687396432966	-39.2958359869575	17.457373451948378	-43.35163078954627
69	60.497636732302716	70.48632173166843	76.77661537943042	-68.78741754533519	176.45111477251743	-176.8061310967936	-119.77579010604386	-110.55258600461018	-40.95068540306402	117.44224137096653	-114.62464254821832	348.3218741891131	83.94804455581283	106.13252978858776	193.5315450542522	-70.67588216410212	-19.67192857076321	-86.75107165526916	-172.7179308486979	34.32045600014429	21.321605463427616	104.56663870115771	-101.32380923096193	147.24080855202953	32.202361148775246	113.45794491829427	-88.44428126988294	-132.37161137912693	-80.35142287638443	-13.296080599082563	-79.50859093058614	29.27542460155085	-34.41467280403253	-35.89688488554084
70	85.6678866677134	121.54134394169735	106.43122508445597	-3.4547055853544895	-73.03292257843846	32.32925009758087	17.42766090810367	-52.488436476462866	128.2337672166352	-192.34800763149082	-70.28651564707955	-161.45453148456266	29.420771210902917	-14.906902245819008	163.72757328374482	-112.16559312391249	271.52470665064345	-29.51324149204583	109.67420107493638	-34.63003997394963	0.17711247834018806	205.1795375851377	61.2533817129813	68.4511451683551	-33.230854992864565	-103.24032922844503	-15.907244677276513	-10.80183845565712	-149.5899154796518	-12.859845162297171	-36.625616348807	5.341063217102255	82.67995414317429	-4.174634374134982
71	27.01896730911723	195.9645571178375	-148.9371278537631	-168.51873013394393	-70.67457894229172	199.94438054739715	-123.2635137453267	119.88462966000269	14.555496021256797	162.15592919834035	82.74015188282064	-71.01228098179463	-39.88792516995449	-59.29335371753704	-169.27622716899148	113.09408998040256	-190.94334968330085	263.15991509971013	-69.56031808528442	2.37236764495275	152.62398248574723	-24.98251268891914	-92.4776078424345	-354.0362140630868	-70.27329004612324	87.74268208864927	-31.556142604990896	235.34341095508375	173.00184628816538	-92.11771433828476	65.3027145151615	62.84858746685314	-141.4450894131117	64.94459624993766
72	-19.664515598784277	-137.14488594682362	89.9939444060724	133.92283420544132	32.58253422878806	-105.60679476011866	100.0885478642445	-38.35065519643559	-45.46762838264088	-95.43328090534281	-0.4536047994953953	29.61819425417888	8.240013994190303	19.599625281271052	39.077195914798565	-65.89671342273438	80.41500168740546	-162.00984349288393	32.97252875149349	24.183114857594692	-83.41894691051094	-6.8460460120636295	57.24998106465974	227.6344941657984	50.00443516761663	-71.89985929195979	53.13830165336292	-136.01683388123004	-61.75053031016434	58.245766636963225	-32.15602376852901	-21.984213241840315	63.66050250700869	-30.797810971966108
73	-49.60872949820396	-162.45491646405281	-45.58657831801649	-246.3334794542902	-251.14177781201488	77.79635504871214	77.40705804240633	221.37479765968925	122.64868141947419	-85.44108727283337	-178.3609977678041	-110.08482165212122	-220.89479603340723	-320.6736455375564	-177.49513032643108	-19.84688917451168	-6.9197740590257455	99.63502331525375	139.0335223374387	-138.1409113425231	94.99653827025618	-147.794065542977	102.77777319430274	-171.670817358684	185.8032547387642	-217.59335515742583	237.34736377516276	17.280396416546765	200.07358069001066	99.29630451483904	19.551685036468463	-26.5486485857525	21.626043921329657	52.91767097766175
74	-58.74619283809952	-23.831227696418107	-94.72225023744588	55.83284903608429	45.65488155338447	77.95348704144818	26.598634306981378	-34.81685482712748	-36.62503305122029	-109.5280831810792	129.0395961676166	-311.1971122008327	146.46639638485723	32.99675833266355	-101.85752028906592	118.0511714067753	-134.04293996661966	7.279873539418046	63.38916382784127	21.503044456632832	-57.34843510129806	-18.531389803133333	-1.9726007932521608	-128.32229556925896	-65.70870758188222	-8.124288911907827	-123.26999949561065	105.43684242026845	33.51129951624079	-59.65540554302585	74.02721436042577	51.72811590716119	-11.188642042887388	48.55496211542905
75	117.23685335315261	84.00035291653927	104.41624296434111	-49.00454559013158	-119.35392138723053	-45.98894237249842	-10.092338149128569	6.811605946146036	70.97730810835002	227.06845710665937	-185.02044907993556	369.44162187491554	-211.87435768997037	-52.05940080905779	74.65310530246815	-110.5073315953773	254.08090299091756	50.51722892973684	-30.13505155939226	-5.050695895247518	60.87882802283473	13.978880803076883	-0.7633799736285819	101.81850047074073	20.406017047953988	59.55945318973764	158.2452881445085	-121.6959809495192	-79.44684973564915	60.98742181427263	-67.95499559119366	-92.86615913634941	-12.045236157448592	-98.91949135950217
76	-66.48551552159249	63.83536548221795	8.51838063185178	240.05770218727733	161.75106654635468	9.334021456259244	-126.95707179335423	-53.84155580116134	-86.69265356137821	-12.283609451461576	342.92115995942333	10.780710440657005	147.01383512232206	319.4016990003936	150.0414366502475	8.488930009421015	-122.50423005754794	-39.21525854793157	-163.36957204146816	26.119004411710026	-92.32448105140983	55.30588418640835	-45.616018857994206	35.54547905308544	-167.81828753547083	149.61445921229782	-210.72507921180957	116.28398186367762	-95.45722597404463	-67.34199705335709	-22.828185053742178	0.5361109682798566	78.2104764375028	65.7121663603197
77	168.00529202663435	50.40018571446255	-287.246179897725	158.57316353526735	-320.75549733497616	20.492153604163818	-175.1820015450343	-150.75132038786944	-101.47000236300218	145.1953180439106	44.52348056695657	372.1557620278357	-198.08120204147951	156.92380900234053	168.537245806335	-112.14658737805081	166.9080132481961	46.29321303550761	25.575878656784166	-120.46178217555052	-305.34805576174705	120.0428493736964	-83.33267377709534	-57.82343017329825	-123.47560822753037	152.84206292728672	-263.44571334261593	6.595175148579098	-506.098632614956	-48.39348332503037	25.49594499027785	-148.35383533034144	-56.3050087248203	117.3605333018254
78	-120.5894880876769	21.66733856417944	383.91858131398885	-20.323601945560412	430.68558571903174	9.59598853507947	348.72333608418245	192.6740708597943	112.66773695268485	-122.53156275996338	-19.80866716096406	-320.3926331271598	256.21519528269187	-44.13705391858071	-131.48191651769648	125.53563232735891	-65.58162806831102	-36.52841016640557	-55.88201535857322	227.00008811994408	406.7484059312082	-76.39725612381687	92.81182993926853	220.77624012173874	59.56196274388277	-136.63650297387997	349.3235283145222	-42.874725750335024	522.353146261941	42.77123040814509	10.796422896165533	223.71112574975177	41.391161248372306	-180.65251184329287
