	0	1	2	3	4	5	6	7	8	9	10	11	12	13	14	15	16	17	18	19	20	21	22	23	24	25	26	27	28	29	30	31	32	33	34	35	36
0	150.05320595198575	-75.04495347726431	-63.96563904712064	-27.896869278126623	111.88716713104424	-31.974497101096887	-13.428848945332506	131.7007903579539	40.761592802501355	146.58089301177213	-53.60966980748104	52.870182648701594	-1.0788639823166708	29.246150717980385	-92.82461586148199	-6.269662304496817	-103.49533278640955	-173.34849270459029	44.80333846392516	-133.13566069795144	-97.34759414328558	-29.613139041629232	-48.80909220860833	193.21421186394284	-24.79559380251003	67.90817890109467	6.210419206574953	-96.02729689065856	95.5820073082818	-44.94806321523313	-4.722898720894347	53.131761107522316	-90.95249026121274	104.03518588457533	-68.6356914639357	-148.8611469050541	-87.56447606006451
1	-40.76833053622681	46.58258730562134	-31.510179876547248	-6.600339371861468	45.64014908337227	20.834445123616675	-39.78675203973565	19.046079598618082	21.654520151507462	-73.57776367274951	-2.455489039422598	-106.01280828768323	70.62765345642863	74.67065774051973	171.17528696198775	-82.12818085582451	219.72963892162954	36.19616017218632	-11.895473642498951	39.56899416513105	-37.978918331199786	53.87052922233358	-32.96288663918907	-65.87634654975334	129.69515825135008	152.74979665843725	-3.163846951480398	2.857535590184466	199.43173683685296	-237.6683949395492	-47.497280568463886	6.459170334282168	-94.68866291604866	71.30918773019276	-46.45048826384305	13.623843346013205	-126.97146865194236
2	30.36393363032085	14.766308093710933	-17.137196190317333	-34.20943864217936	-96.00273160039254	55.291340464866245	-59.90604160325183	32.80960822785549	11.590715256604884	175.32721937625888	-101.29948468329584	66.92056809264521	-99.94586364263773	15.192292850531663	9.992330089012933	-63.55818174094057	2.5519357248184455	35.352401892829754	131.97620122358578	-156.68362152275668	-41.53541784889095	34.63173053061683	28.520447446872076	75.40345821366049	-52.55049091715442	-85.3486150892344	-107.60314240852136	-46.02384870098482	-67.7209754436418	-145.7807605891368	23.799060357118673	-71.42755363210438	43.26344172798807	-7.464972525022606	-3.3489870781659694	27.436118542670116	207.28431293494748
3	-175.24271654009084	9.22786749551928	20.318224048452027	69.34442589433014	-119.52255573748275	-79.55249489562485	-31.185108954717162	15.0867039450485	-68.76379651494511	-35.95142809277526	185.8126746378532	31.727287320745887	13.884375771679798	-34.121704933510024	36.54649847027711	-42.47448142808979	28.81279755785007	66.41228597575906	-99.3376726427547	23.61437527181082	42.73517162411961	37.22925604509026	-15.61272811473193	-102.18184224462752	-36.30869212309511	23.084156266254283	-12.06361779573018	72.4219572053196	-119.17528348335853	125.96357864123921	-3.8781957194010186	-2.6269636404294694	-85.21761624933394	-53.31481693470253	-28.946407528845928	15.589007736043973	-55.41194756105014
4	-41.7584227083905	-125.11329583764119	87.55899842494752	39.82820034831698	11.467686042161722	11.078295487600593	-94.94783853983888	-40.2422397961788	-9.447289095012147	-63.61638693068894	-31.692387508403563	-3.108258372800327	56.159048443816516	68.89272547767963	-98.5802788079136	51.905876139142876	-110.89000273447397	-35.61819432935134	-7.559512491820615	63.244427468117266	33.93065388373607	-53.98410677093474	-0.20027286328583105	-17.700554485954466	-103.22459440460244	53.7833765621756	16.137771551752785	10.1837111926795	-83.51318221100098	-13.904645444003723	79.4962462603319	40.4650984649221	-14.914937548728165	-150.22253779202634	24.132704532515874	46.82226849457309	-4.910146310995126
5	43.62791044025895	-43.15468498449651	81.69839492455245	106.36341458201429	59.792394859870974	-23.311608585096682	-139.1606230347063	-124.72694526905651	78.9365864708839	-597.8288013120148	-337.94137915702777	-301.65415413585254	292.51604289249326	82.29662659110065	-227.33027469049728	17.33985713358253	531.4659249384316	293.7285650650858	-62.744422960387055	279.52876858807304	76.73904182786787	169.39184509580068	72.8467468335431	-135.0936541159032	116.86212227154958	226.34681179293958	62.21328047017051	-29.878789580022517	261.4771220210198	64.33201339139022	-234.95017925517618	68.89445090312502	-239.293772433312	-145.02443181444104	66.5193990701202	-367.02578695318635	135.3082756476573
6	2.301918591690099	-62.69718436029355	74.99561733943902	-152.03744745651798	173.06679872720602	42.33524204945949	214.0898841652393	-84.35819164223935	-35.04691290357587	-30.780581661380346	173.6897735085783	-125.74539587016218	-94.9186537329812	92.15593878616085	40.42695354213366	25.571467621714508	42.94351602480998	-142.08507519289023	1.2348356073167763	-13.21411175249005	-38.55706034116937	-172.3418991509783	67.67552576611273	-89.97202250347556	109.64953896085923	-6.33563624156561	-172.78789375069425	-71.29561501361742	40.63167709273584	138.17138840626004	58.85981996237103	-29.270816202429863	20.130476389869862	-67.67427801217121	-79.13640966870803	61.61399546111313	-175.36587718050097
7	7.590625653540699	69.4064539182719	-111.17169217082687	103.69878196882591	-84.6211097250255	140.56232088982324	9.216056703427876	184.5936715104832	45.15388699817907	-54.920542172874704	14.334784546195648	-32.49971774358941	15.294623035218773	-78.7738474173516	-5.679189624665651	55.53358540793945	-139.91536989581152	-83.55666650122431	115.68583743595248	66.00376338590823	-24.249642156219128	43.90345308409674	20.760896685261308	230.01658664849128	-63.404818839219814	48.13918508566537	113.34065165715953	-10.253367723739007	-65.86804569657563	34.98565920878386	12.789521344910744	6.5827705922896325	108.26354287767343	25.15483289261071	50.339148209619	73.83458092095832	-138.40905663777647
8	15.492713197225635	0.9648603714827885	-100.66072299577472	85.53427425921043	-44.66854495274226	31.196405963483024	95.1655573936625	-41.992829799407865	84.21330034519333	-54.52184164131517	-71.0675102143386	-20.35876285820431	-22.187712995697883	29.160120640972888	68.93498442509329	-16.507120979775742	9.514998689625294	-107.29392934147272	20.39850612944826	-40.468448148285695	27.597292882336582	66.13562344562209	-24.235145552640688	87.6519162047823	-29.046904180811936	-23.643358988889034	-5.910629138261882	-75.23535940361143	146.98446746351576	56.11383752045042	-32.09534308919769	62.59606781900469	7.530304142997572	-35.05158092536886	76.1080380269511	-71.42607224972791	-53.002135347338395
9	109.00883250704942	-24.257700168434848	-52.505464094872785	236.7163418571384	-179.97437616126535	-153.8709038095418	-291.3065825071462	23.85247368421875	14.076614234885135	149.42334927382166	-37.94662632159883	384.5889077747849	-122.2021801852308	-111.88341477879175	-36.838142409715324	-244.04657744736465	-46.28761422349976	-183.1214078945867	133.03652112926707	-8.136412825190396	-63.605603335960005	108.02365655226258	9.474081419915839	62.21718048067263	42.9151951271299	-215.63741181456726	-70.22360230533785	24.984066898448607	339.4298132892751	-181.36825667855254	149.67799663553865	-129.90737957236743	-127.88476024874001	286.7346753199043	130.69395366446474	-561.3317224864264	475.8845038246979
10	-68.40153296513793	22.83880021816154	0.0632222727645611	-0.9265629034141314	-15.554213951484373	-4.6667705628798934	193.59297514927857	7.598690388748674	-31.27130419302284	-205.32190009964427	-11.779879653644127	-42.06617243586997	-4.992889688667706	14.024865171039233	-37.482408142227655	23.645474326962393	-8.0407461103712	40.022107346794044	63.15851516220539	72.2334914642281	-24.092825868016938	28.564410550883473	14.250973492447743	57.42901113964334	8.326723660855553	-15.001138596427333	32.92253835353187	-77.17704945209154	14.55766246396269	38.608162246580015	-194.4864737447126	-28.219140077109536	-12.711106530671755	-20.41652451576272	49.29321169045305	33.93271074241573	-66.56280781829167
11	143.75253838742216	35.14882011188948	-167.86727159498417	35.7475825357336	-379.01287009459014	31.426053036399146	338.6428418073186	79.41603465322942	48.75922249945965	193.41825214617282	-224.30700686033475	391.5929025254674	75.58191292111688	-224.8148623639967	-446.73214000576013	-66.65919500010644	24.168977176709074	-103.53340170105385	72.49927137907292	347.19075825993264	-222.99390738901704	129.3637760825876	-59.60832775699378	172.73265522018673	-36.908919655135364	-253.97676590909143	36.35691248314914	66.76725111169387	-88.04799107654898	-61.06762722926257	-39.20882942072451	-231.6411985057906	205.71328404942423	-21.427208058514786	179.30919247396864	-40.23806409721842	-131.50879991927263
12	-80.52231934448453	32.7175890631665	183.47252947417263	16.343351986698984	148.84608500613513	-64.91996563379737	-235.1891511376207	-48.93183028774624	-84.13917526697551	-102.80439362577262	128.2653721697845	-72.11284155039533	32.20535818072985	90.91715152984854	37.763773994027176	50.0120926827674	-272.02986747699754	4.378711685380631	-61.94654448923785	-129.33697233456746	147.17926401325548	-227.4690078515752	39.50162211882888	-108.09726332355055	-41.40405214393834	181.88369700995756	26.20255569663646	49.65314185531354	-49.30932680888711	121.64133408645392	85.89924256287948	94.80292551456034	1.1270645606048364	23.15746567409124	-50.833532786962735	76.4908552245974	257.63513890466385
13	-60.46279732367955	75.10947507555224	115.61427137851454	20.27136918626977	124.54433398454296	217.62971677398775	34.267050982971966	57.81088719138128	31.921689319385756	-41.58506525237685	43.41357244855914	54.36819219156235	27.899300890836688	-1.1321432048737619	-66.01475079434698	52.441678378703244	-28.47806201109924	-98.23228151606823	-50.31901717302961	-228.05791511373957	-19.370999362648348	-26.304516440107804	21.8202938988576	21.78216532578213	-31.87809612586721	-30.880615371615107	-46.29673725259264	90.6124885157525	-84.96862515349659	-40.03085158496734	128.54437521616654	-52.55481585925116	182.50249745532915	-42.44842027581107	48.22005623882175	210.86505524265777	-186.0303099561796
14	-40.87734119588006	62.6822811736671	-177.29654295316942	10.161843055381137	-67.89591539156034	-198.44342797361176	127.08715587725796	-46.03572424817987	4.761588089541404	97.48639585805063	-62.63123434572758	-10.343561581135475	40.95316213810494	-118.29912428394944	249.50352259302264	-150.91927424948963	54.6826486251035	-38.968265494907214	45.50388306815225	-176.2370311606621	-26.71530858860143	-41.71786613122211	77.79216362731499	-20.855824080143897	-47.53853101022677	-70.16551932773562	43.22537717457967	0.8422701555881803	-70.111292765127	164.52168567554367	-107.53879098754936	71.32839644134687	48.40059779249625	170.74783949574137	-0.43916940954817435	-24.079375058394387	104.31385392844322
15	25.708522590558395	25.664775747953218	-40.643470940220276	-113.0748730957342	16.840779775919696	-184.79535438130642	58.700020772273135	-54.96693659928178	-135.76255131301858	153.0219505478005	23.183026248509016	-119.74192128907646	-2.133967679320332	-84.32331403982903	119.40259250284102	28.72759165953847	60.60485641349446	54.76625630306896	-14.553759456659597	19.06875975138802	29.07908179384523	-133.95167844411955	-55.058061053599474	42.12640026101554	23.470052375803995	-27.141622106100453	-20.25024209414058	126.20830425583564	-30.17953641629249	15.03263969078814	-51.23493178308868	8.756061349535383	16.166643932575845	17.330607392015207	-22.618629483979277	45.35837816651406	-156.5354793497331
16	-62.67454773404229	-41.379914175975735	73.82453600223744	-76.71153926885508	52.90519435904092	-5.29263551595381	57.07123949002811	31.52417632438158	57.1881995822697	-19.08140909430871	-175.6325007973302	-23.447027396604426	71.52923931322488	9.45732613105704	45.877291862086636	36.88606205786999	169.51434722435562	3.2308029282474244	-35.66449823325414	72.11703065851194	2.160263150585417	-58.37952280644167	3.649344391941589	9.561445617984461	4.221495517310854	62.46744525152492	67.43655825311032	-65.62015627520861	43.16674134275773	-122.77862140146857	-53.35221429519428	-93.98930285235349	-56.34674231787548	-9.08833871420305	-30.098240112308687	49.78070665944674	-56.15427522397172
17	56.21669470251782	73.27774740131208	255.23861035120703	-235.02504627342978	232.42516178547345	27.85161125384273	-145.33027982891778	-12.146464808581781	50.63684303156583	-187.99279413613314	249.29070248082246	-95.46816910753567	-65.85925044247091	-3.7706963231709008	21.169855716809852	-10.112929161155717	-13.602017321460607	397.507738121689	-122.38949493853387	-24.08651946904991	-124.93872108978417	-65.1081720952625	-105.18571350298231	-16.979008833916044	-43.28938975003044	121.6905058475619	70.89271510190257	-9.441917525510627	55.597781456712546	0.28036280570898986	-17.3223981515092	-163.5854443328263	168.86926359941256	-59.0543281210673	59.55593886129391	-83.02818756559185	-51.96986603971867
18	-45.33368719272711	-125.88035199523539	-63.990041585128196	21.433927150808596	50.285311997210954	119.39336181149514	103.01708778629659	-149.862536462709	142.28596051949657	-182.6598337139607	47.72286474575267	-252.71163243019396	-100.18751459553806	155.13316037430852	14.476435990727852	42.704930828823606	35.032481639647195	26.5045043009137	55.5483410283044	373.2118650324126	28.670933197217657	242.3183217277057	217.72748635369774	-132.17111376125084	-64.86081494752203	49.04976635361344	216.68751622811982	-222.7138521210537	-46.095949192608764	107.1339764766016	-303.00569678858244	98.29369111628796	-65.95034231269544	-52.60977455364987	-33.921104319000435	-129.9884959343241	143.19740427926058
19	178.40019480185748	-45.16142997176241	53.43348821410535	144.85571004674486	-165.92558501194773	142.21566046867795	12.191904542456646	167.23432087523292	78.38905551865471	47.039612282018716	-94.49004625298132	108.58694764783017	-146.84181947217758	-167.4210655301632	25.62087204472599	-156.12138693341308	139.4646053080333	-94.62939782026663	144.62519874861263	132.84629260192582	-169.5540349329833	47.30489873869319	-193.8080024201142	157.75595836729644	113.60261646284938	-208.2957204847881	-90.68265244012798	-99.99364111109436	-88.07354595577463	-108.24266476071354	243.64399190635032	192.47431087928854	36.05022773364387	-135.45257636643183	32.125159602227036	2.452988976669663	-106.3775381281118
20	62.424917446417886	14.354367286636208	-348.4387540610762	243.8367736890591	-162.0133995300035	49.14896080757066	19.952675137479815	-32.12623556592234	28.820350302865684	121.53379349433175	-116.2941202337882	93.70359704549544	72.02360869302491	31.859830678864256	8.447990667886337	30.130177917574812	-60.84647402404544	-196.1838352814735	93.59995307151266	-7.537741788404842	147.95892643279245	-104.38163207119985	-45.84603159547573	-44.22571556412103	53.87571614471722	9.173146574816364	26.063965039665508	-78.97661755389349	-120.7004020057415	56.321283216904526	21.466905646893636	262.4359089789198	-13.719131047746977	-78.94545343637216	-81.93141592147751	200.28977370866778	216.50709069188002
21	-32.14169686327207	-18.22290200213908	-65.22257026233807	107.98120521288668	-76.10793924167425	-21.376831820311182	-4.791141394445198	-57.83938923192836	-213.95290084016221	231.59036948573242	142.3863148285125	93.63394377375224	-69.60177960938509	60.344265896664815	-96.24284220807026	135.96669503369088	-251.8806149255968	-108.1433216728573	-7.836564310355839	-98.90020102071895	5.452579904365625	221.97941501522848	-77.22279226334778	-121.0648151654731	56.68710677142937	-59.10124495224444	-111.70986783426409	143.83312745821047	-22.543561621770145	9.31511122444542	-35.92693494394222	-124.52695335407246	-56.51514141740291	55.37498087382433	-70.0955089977765	155.70167345509626	119.08456290700558
22	26.101552984646105	34.49709389989271	77.23872805582586	43.603190186506566	34.32778838827193	17.423658400536507	-50.78727072262527	-48.528948259386894	-58.349535163610724	-138.39125344181113	105.5990800626697	-149.8087032516342	-64.20710632537855	42.50172143172967	127.65001190332765	17.583209743603152	-61.99302819459472	75.6919708422014	-41.4106816147008	-103.63204674232378	13.417677109281167	114.37372301144673	157.14629366685648	8.51576475646554	97.69428858371815	6.730286756635204	-63.71233216068001	-5.080193240659732	-19.598850203373164	65.58682231595442	-48.69092297368809	151.7020033270604	11.09895693595407	-14.292863460866041	-7.254628792077028	1.1580898927925274	17.15780181631684
23	13.918307425631998	43.03209240328359	132.09672222141182	-63.137358862009776	15.83479980030747	-40.957365741179814	155.6889820550872	33.980310258533784	108.31665887895691	68.14963867345402	-119.6796666205469	47.52821827607716	47.855391078788145	-28.279023229974293	-13.937762492011375	41.00915947623012	-4.498225637075935	-17.11793826756383	-16.28541029952847	-38.22740872464906	5.511456933434766	76.5931110685766	19.250412530795142	137.0557701991694	4.101862947508073	-93.53769857471293	-103.95416540903926	-39.33327445522598	-21.023273492361465	-75.21678128741135	35.706971718324255	-46.766371471464865	-48.042445148357935	76.22739668695567	98.67497319433986	-71.94905927900643	-234.39224566220878
24	5.2475596660895105	-68.27136636095705	-29.393354161729	-216.57976039550627	-99.36632419546464	133.64885908145965	-1.6859988844664953	104.3244137286263	190.96419273932273	46.67325776868017	-18.250435664494816	106.29757554128105	1.863586171277892	-37.872563174940126	-98.15660987751636	67.46236414936782	-100.69008374036285	132.84296419678782	-58.048714297126004	-99.65960749721269	29.06308295534308	-7.6686116319093625	-43.6654331111017	13.204592431272784	-127.82599833660414	-40.69579371084124	-122.27870671640784	-66.28459125676541	0.3974705165158008	75.9949448548715	151.5162245876841	70.49437225458355	142.7141585249689	-3.1801465757250758	15.293234971245951	-99.28017831301196	-159.7027435540567
25	71.23939675540859	119.56873739074169	-28.128141327521245	-76.70025534683957	-53.85617967374659	-128.58941182317835	-116.02630864339814	-30.682991924123144	-80.49211975096733	52.80837615855314	50.99638513149507	30.556952276106024	18.805170027174764	-139.44854347145017	0.07714036075529773	-71.43992939388572	-201.17521479571283	130.58331613366545	-59.87044575431725	-138.23320658720863	63.96206336114268	-123.0317046497626	-123.73846135601593	32.681631908400604	3.3025781814196358	275.3017567414062	50.34901558334451	180.18909192984975	-135.1373922867522	134.31752583899942	-15.790074647124603	40.53876425339642	-17.947480472824708	-0.5664384455991481	-8.070881560430264	134.2943729584557	322.80902738818463
26	-40.51244305550733	-3.0184322367538705	-61.326414774369404	-43.34040830216981	48.07327793598533	-80.74857107448095	-198.0639680386094	-10.30383063375134	22.470339477350077	183.0628288792043	168.114104515555	112.77943870182914	19.859557821788457	-29.61317284869748	-90.92234797102267	-87.54823108847026	-100.40854014292803	6.361679898288645	-72.12100391434522	-132.20786587732505	113.22519552912433	38.686143100819194	-71.43357864800784	-75.15955554371303	-148.09755893484098	119.44621577873038	-17.957048997181147	155.30760468868044	-33.89023419348844	-93.2556628740003	154.60073597125387	40.19017534322887	-34.76879787468146	61.66170987739428	-102.06497729016324	-160.27328844976913	85.6041307298572
27	40.47809838026063	158.45257145821788	-152.9121650954743	-59.454499208106554	-114.70920870751627	99.49975540851364	43.636734958866604	-98.90862849703885	-73.62474456264341	52.896106427867004	90.90422119553426	111.36106841940125	-16.272052810388292	69.18452399746104	50.130263143094474	-40.86609555292762	-53.01399198846712	105.56455095191534	1.248938795729433	-73.41328752658126	50.4717499946137	-97.04153840135558	-2.3038119670472614	-76.58372520321383	-40.58186889426943	13.922138019529692	178.61187341243388	98.65530046024399	-77.13809895102098	-94.60716950533815	143.0414003301075	2.454988015407768	-19.424388205983956	17.26283022163444	103.1788756798364	-37.831237592886005	35.8655616061525
28	13.738260250056571	15.21294005694029	14.105158341117644	50.431038525929154	63.56797141894087	95.4119542602157	-7.081993124882728	122.33843587253376	-90.57450030295453	-71.23813920019232	-16.10380840214485	-33.1571391484033	-80.04969570825516	144.87832238112472	-4.726179059431104	23.781886735292108	172.79455113904373	-121.70139833433697	81.9337495008839	103.35427053673456	28.815523781764142	6.462756689922005	79.27723949674015	35.723450498872396	16.097862472464072	-53.93576372180088	-50.60673393066364	22.397364405597685	161.19953800123133	-107.56465080723073	40.845462246290026	-125.33659993920713	18.269597970927247	37.57102525419561	-49.14634654603936	61.62610267574754	-175.86452827975606
29	-82.01231949291176	50.85382681377998	336.13857202775614	-46.99761736587164	325.3950275619944	-36.87139053767768	-29.037294438098115	-15.067665338843206	-29.219083979194984	-311.61463051059496	12.506558038442282	-292.17783764441305	-82.30545172361617	287.13680929605783	161.36586647179905	-4.948440672945873	-202.96671734238802	-181.9590869380783	127.47854900821616	-14.695209892229002	250.7846724640077	-71.7948822790096	21.524298844071925	-99.35189062812	50.353799432331286	94.38342617143792	-75.00861621899813	112.26351008996971	215.13941147325076	77.63663341297959	1.1725969800105958	-164.62573735153654	-202.5742134828102	272.0895588778399	101.1146308307553	-303.7524746231607	-22.838550209825904
30	-41.34408032799832	-99.49922382191015	35.763664488797595	-92.56187841831384	88.82963421429693	-74.41510064982604	-46.35857622106094	-83.73659159235355	-109.68111723726825	31.41544269346419	35.02811658217534	-56.66220349251617	19.40044532419235	-1.2392993128707328	33.86708962077259	1.4840096818531412	137.1965923690608	-61.54151178595857	-53.18205796838113	-20.27590436127087	26.37740242817224	-41.831168153659775	-39.218325060425535	-87.3168016185754	-52.75820281297943	-73.59805396731423	-67.98947372204476	9.29307941887807	-74.01219952300814	-37.62398766915256	140.6119941016482	71.71447097962269	-85.60261994998585	-43.881144706171284	-53.93432581819511	-14.606850148364133	-37.20039338564232
31	-9.618889223690264	-17.983228770019714	-0.11652765544588783	41.47558403703698	39.770089139073676	-77.7193440837097	23.26796476058386	-52.689468298113134	-34.57223986160867	27.11563756247169	-17.92180909868171	-22.98686977004977	-3.4630845542326654	-30.302798446925713	-18.78898082144594	-61.60034638386216	-60.70416809365525	-66.89988321790925	55.87853204603131	-102.90153407518487	-102.6893823665432	150.69120607553333	-12.819683982021168	-57.385988960716126	55.1143686994164	-57.856531635611695	-28.810538229169737	10.344426779770254	-74.56846382116578	72.21702192198158	81.53405578001987	47.352346857798786	3.1923580388689263	16.508227478999043	52.64941492642345	-104.68560755827912	20.335864307309663
32	-40.48102766720241	-100.56011464079617	-287.91842487260465	-168.24077491662467	30.736928982442944	66.52597206746913	-147.13958910319798	23.489646900181462	181.8394986938471	240.85514340168336	25.861068970651118	104.24230553063322	183.07943324845968	-136.79047436496776	-81.97565798107743	134.26634228063045	514.6550223637713	198.6958291138644	-131.01287888547304	-82.1522514976418	-253.42866355022957	-114.47107099096179	-26.76660043523165	-49.07972877006984	12.995361490210572	-116.21460679753342	234.2599587240907	-126.52463384003724	88.98441022189458	-108.37045833704562	94.2822782371545	68.99414607892778	24.05897863773637	-271.68350415639867	-115.46433324264093	294.54524886257974	-246.06612704997877
33	44.56434111995189	-13.563093762078998	-15.276451458543342	-36.84583216890353	203.40201708362403	-27.780975403541685	-63.990554668034356	88.30193856319309	33.76877752607235	26.75253428977932	-67.4666019571017	124.53705242811394	-2.322855742649553	-218.73840395905472	-6.6008790221484235	31.781084282348417	-102.5283239444078	48.81872313226215	66.2431528216751	-20.74578488191443	138.31475152872153	-38.85161407493119	29.58035188037448	-52.41506982058274	66.52023820524674	-65.05475171590916	67.83928223573842	-11.818577781089752	-62.025107142087414	106.14208871913989	-36.97133717367491	-168.633827906998	70.76389819747828	44.166381029348805	-287.72069001399524	79.76854773223855	290.83272816452035
34	87.33780966994856	46.555209192514305	-32.17440627637612	123.19447926860155	-118.52334977716718	-48.93210918750141	100.17885383865979	13.216987377308591	26.80639196843984	59.22398117301619	40.240268954100834	58.971318039239414	121.44356174022735	-115.82349245112775	-96.18512425053608	-48.7822402672793	-168.00151921398904	40.20158659504949	6.565297356806885	79.36821264283147	-88.70079728589128	39.950873001690006	-24.028545398200865	95.3089539765795	-18.4178820938769	-174.91386034589567	84.52810387614252	-69.74333249146878	28.133023423620976	-52.629868749410115	-32.46376515757697	-28.630499288837473	176.16734820361492	-47.641797957922265	46.94911387908355	152.7875643065428	-162.25873509301172
35	-84.88819756700549	-46.03350728011771	47.00200865639647	-25.9578058725239	-81.49012759015733	73.52772801971354	-8.75242042077835	7.15254652552901	85.5382948404231	90.99704275153618	-23.782462507333474	-119.66325333180237	-62.53986773666555	95.75255763861165	111.47165703138913	138.366463407602	9.8629001368819	-94.50244546810028	26.382418319028343	82.63703499521385	4.961246489924136	-113.91789908611538	-22.53594930554634	-96.11810535440605	-109.3081531265658	123.61513891503857	-158.3905659775597	-28.795635154589263	-64.29152992901135	23.49259258359585	-61.54246525478731	91.66030342431094	-39.55345560650215	-20.708176958278116	119.96727652927306	59.10219941163013	-119.94793862613415
36	8.584757202161875	-5.806625255163906	-88.68719408716667	37.65705882184	-107.03688886488031	-21.22511292672364	161.44678642486954	-109.02109636547394	-148.53911512152624	-36.59349500566118	24.468173074861266	3.7734217984053076	-34.80691028241326	0.6800158231647913	-63.294278253017936	13.362205761679682	57.22710272479686	63.66799090609013	-70.77924535293857	23.78600260664587	-21.09245322308045	-27.38658184778601	-51.789421690893214	117.5833072616083	-18.22279860247121	-47.321501408348304	-107.34162266809597	-94.72943420016418	9.548669953050387	14.698700080551117	-39.49085425206537	34.467910078971926	-52.51195016204982	86.06826183556217	-62.23848924531929	7.489201909990962	75.42334827450341
37	35.51840333764707	-47.87971065005937	36.38705800157462	65.32610242895174	-82.00323344532605	87.38424827812375	142.14720114306837	60.08211169298827	-5.629960087656794	37.262755774520194	-148.20631730287047	36.77933850602644	174.6048524128208	1.0095939536665837	-94.25577213290666	-172.6752706654785	-127.81412917589141	-55.46667775861896	-36.627582842783006	113.12593333406147	17.59830491310357	141.61599328866714	62.78782670529282	83.89478829541633	311.2067244854399	-116.38237918636433	49.1669711926416	33.33929187622023	172.66755833886688	-261.38437102155876	-105.99727048505457	-33.50603377983178	79.0465079216091	8.587257854954098	-54.665043094901776	-368.0169395237166	-180.26615944172352
38	-124.44308750148186	-203.35946323495745	117.3166475568831	268.40710639810646	-175.15169986292364	28.467248878959158	21.532294530243835	70.18999735596924	-77.92282257354186	-234.94677521899317	84.23772678056596	15.96156656063254	-121.57771878557944	204.69521849131567	268.038488640218	-71.89527657845365	44.07579375288489	-180.65787984290404	133.16987390122324	19.579783346891915	-0.2557710368512376	18.037355256341993	-15.297810592989437	-63.72952708674512	-29.500828068388095	-40.524882144306844	-162.35525383781507	-112.60492934562417	36.94139812897768	35.90388210369367	-182.68690321359327	-51.05559567655987	93.77961783917796	107.08560572637737	-69.24646548060457	-30.616018547445577	236.15299844431595
39	58.986769493046694	127.35656933340142	-139.1800635511425	44.41432646746456	71.64888290350406	-19.09721909599088	3.2358096710267628	-46.74868357643101	21.322577172699933	129.75714057879105	-79.01493444321326	-62.69804267513853	-39.48084306669813	-138.42604953610638	-142.89341021809975	-7.304819702992588	-110.78810721382311	30.26252374087435	-75.90121500205136	62.23842452743057	41.57505073538635	6.663498595397273	3.620498549310121	23.094018205817367	30.736067160610023	22.484732464848474	31.671828056438763	29.1883442624674	59.188498090955804	51.36009034381715	4.125703917577335	-35.491233333247294	-14.332095123209273	-21.247013012322956	127.66418349845307	-147.48490002606718	-3.733650993647967
40	14.262061652096817	-87.47241127838761	66.60916119447782	-21.79996096509866	-99.90570670962697	57.309502929126246	-31.126593525566076	-35.2420995948239	-4.392063757455663	-5.5304254028549265	-72.79727210814785	27.04402640239783	-77.00347709583927	13.891933644367088	-87.16438034075033	60.6851559145408	150.6476034992219	0.08930096971859602	-117.61939274286644	101.31378901338886	-43.54583189036744	-87.66448323831936	29.81547977652252	111.23842472105426	16.07820962059856	-54.509673928321455	53.24179852129675	-11.482817433043687	16.819403341992185	-49.96570177289363	-127.7553600383398	-66.76280645307088	-209.62086352922503	34.52239747293563	90.35448550288233	-99.33758425810306	69.82597338772733
41	-32.27421642305083	-51.278826694577226	-78.69190028941411	-35.62573144427387	-89.86075676647194	10.375689362993635	-24.314948429185073	-12.864898290650668	8.700963226430911	100.9861731402852	46.72038972851297	-138.88906846619608	-40.07658510360973	-61.66010902426059	-56.856892705256875	92.74501741485261	2.351003209071047	12.742017129861987	-22.683370045463356	21.953702570654386	59.597580715578445	-21.532097687264955	84.35790835104014	0.039379012784979794	-35.22287641368382	-30.51632722873517	-2.278461649742282	-19.177376148720857	159.18967931613483	-149.56230470888718	99.5854744954053	43.68944211766407	-68.46582733647308	8.522023977392259	-58.56471069467585	-99.14724065428128	67.37346586169956
42	-30.44921560362421	127.9818387421957	-18.128606476400865	-141.34015965240232	101.53317224203356	-154.22750303622678	-112.17136491317387	-64.93533805363997	-26.333562200231896	-159.52005419593425	-109.68840318557609	-158.1183870447365	52.858876247787286	-102.18392596701108	-91.55868926556255	18.035180392483447	226.58946279031983	-106.35165656667967	-117.59257448702027	43.4770612645307	-9.097178216080996	104.40399127797939	22.429305608558103	24.86788607846729	44.473923227691806	-77.46036071092082	191.76703543012164	37.42427088232282	71.7541978588238	188.57501575753253	-20.609620495836484	17.309803032994708	7.772813307121232	-11.406279724628712	273.01977458832386	-139.8149450474466	328.15163699038163
43	-28.1109954312916	-31.46848344799352	-26.760536102895077	-26.875515937010462	-139.28412172654794	22.569482472176954	-18.55292434458148	-109.72818889762661	9.493527854472566	-12.444160902228614	-156.9661789628488	106.25363504214359	-53.436098845028766	-52.31140678509689	83.9435822316274	34.872175959572026	-22.807192530375332	51.15305762869571	39.35661858370418	35.69855229161533	-38.15332412201801	-20.032963858905713	-64.74633009498493	-13.312909705840791	73.06857320336856	-135.09361545082152	-126.44295048192275	-5.232155380802174	18.46344689259747	-18.51044846838013	-87.38572681686112	0.9239959403572837	-25.644918839753878	-154.4422570697628	61.13934124447409	117.7084375766033	3.320709563394486
44	-36.48134927227484	-17.965431436102584	1.4020807428495463	-43.87238256214035	25.76661884197405	-129.82711640791894	84.61281919587191	0.7684251438016574	-26.190083920825543	5.707126267969365	122.55141983676242	59.863920458926685	23.125152629546072	-179.68158981679676	47.121808807813196	-71.94686958901596	-97.95819121191987	-41.87450842000558	35.87382512967357	13.396854074457881	-17.054624465591736	-29.987891051571392	-105.19938255929219	-142.5976537454782	-2.785527875129067	42.957405027445546	-11.948440501235122	12.312937862756893	-37.39934290984387	40.632842305655046	35.94381479909559	-55.52005613137839	14.875380377283335	-111.45832410706073	63.614913656974274	47.09115297652274	76.69876885435622
45	-25.413672772588402	63.22503168050166	150.00324428762747	38.740839588055266	96.19264096873644	-126.51519292025763	-121.86845355950896	30.50022716121548	-152.5712116823671	5.841563457527085	179.54217625332168	-20.33880800466988	-109.63871852924689	93.4351072033193	-134.467788605219	-169.15309319645272	163.61029794068278	67.93247842296468	-43.590483699829704	-106.1180941464667	-69.28634557515167	-17.645014889449275	-27.19014106874064	-84.2633792667557	-28.45694660554402	160.95871037850432	28.07315935527757	51.51480951682423	-133.65571816881751	93.03660328934448	-51.287665114128174	31.210013665924734	-1.4606062612351134	72.12187844514861	53.94006055378206	-153.32106365849103	-9.682067607258077
46	9.428973500496062	-33.30824305263367	-38.76711648696573	-30.4985441171623	-43.080088264845465	48.66516914591774	-81.7900134538894	-40.434055367957804	23.576821814239775	-51.83059880677022	-265.1397987993746	-22.777853228041643	-44.062944625262986	85.41697356127952	-81.7867829712882	-8.79654810331605	218.96072266824325	117.18204025519069	-48.1550181416005	-6.826872678694122	-66.9759771174547	-9.444669527231312	4.87818914923376	84.39454880798485	41.16382195008387	-108.43070885939456	-10.7385393842296	-89.79936600445343	-1.2492602021848909	-85.78901683906669	-34.93653068135958	-86.8814632744256	-119.75279486689047	-80.8657768621744	48.701719213580226	-160.49378585224267	-33.210041019885736
47	-4.207091038553625	46.824957588717105	-229.95290487007964	-62.16579626313601	225.60253084334244	86.05871777082328	169.34751907869662	123.81724350337124	18.250384077194603	-168.0100034240797	74.30515163419793	-9.787048917987251	56.99749214448886	156.51002098043705	61.60528008166229	43.87635577758687	-224.98109760410838	59.64228155583015	68.81345585841625	112.28471563788044	-129.58557465063697	-29.03462313999421	-15.133832132458236	66.0434147653949	-48.43494320501821	46.47323533716308	18.035692173661744	-88.5468256079569	48.55097357821273	-17.262602128453338	57.299657467453514	-52.569280989538875	30.159793762746183	14.834340669576672	-8.260654422529932	163.4078311961837	-49.40201838928842
48	67.6119933775406	-20.772527332029185	60.85439786980241	-18.200903400104252	50.07876880096536	74.55235463357566	-26.711675505810703	117.25441238181108	74.36701029644667	43.416084117401816	-27.116539287254987	-21.575496903890365	169.83761535960687	108.1540072084767	5.007978338960735	-95.23044263321883	-84.1146237096585	250.64256983122777	46.007814005774094	-119.96624658813802	40.3489644112417	-85.44612264673131	56.47523198759986	80.03518014859112	32.76007606889219	-5.0726800211870255	19.474173852384634	12.969567893401996	-37.77259832683424	-140.72825977734558	49.7471402447197	-37.35005272546364	63.996321755961986	1.2359895368738822	33.69222897660722	228.7852018536399	-288.37325978463485
49	-51.615575533919845	56.25396937631497	216.4579232279438	50.003736168170924	25.70999054135215	69.81963694712914	-132.40723482117033	-99.94149179523156	-48.13775516349322	136.24830445559073	92.3090633411037	71.0515685483922	-149.46722262594994	-71.94454640351867	86.37847093567628	-3.4150995276414946	83.40579548395111	-113.12354150279222	-115.77245231675394	-167.08920518312905	37.993946590984095	-75.56135559591476	-24.723657559847297	28.40829650949354	74.1437782869123	24.40005808195456	-128.81899328985054	-30.281910708255698	-186.55610437923207	-81.33290918947962	136.5148431635544	84.38306048384406	59.213250374737946	-99.73675307054616	-159.3003690126981	-127.28086705833557	-96.82348308271693
50	139.61743484663495	48.44006359495	-35.75218843037144	34.61066054987258	-96.99160392804306	-12.404141299550538	-40.50277479560098	-64.68908949339446	119.32938036002595	88.94513785787304	-17.133382116423995	165.02767549179617	-127.3198582295492	-180.0357019303511	2.110392801009511	68.93045687524219	15.671368421938292	60.96138124625248	161.74230888768395	14.931655887825114	71.25107779842743	-12.107785574379207	52.35852087288905	-190.63834543124653	-133.28517673718733	97.55496991203579	77.85197718801909	171.57871032587545	95.23552494317612	-31.506218634231494	47.424914148584456	2.5051658713303673	-33.1748450741464	9.693745262540313	-23.289293318581	79.36771660304125	-83.69933039401013
51	141.66098765888714	-19.013192640705736	38.16068752824389	-134.79614166819502	-59.639688805623074	43.21681213516124	83.69904658003429	25.59493653814376	-0.08265798843381333	71.0243330949697	29.004482137522917	55.409137101661415	185.23403259355868	-14.418423110374944	175.25948831627787	65.26878115823479	-1.7330373939294197	-34.96670325678224	-45.41973891658389	28.501718955048453	-75.43884355280814	-43.29549938179983	48.95636736048206	15.655391964223872	-77.15960400111558	120.57899034300581	-36.46426900996682	91.29326491428704	-44.45144376646556	86.56546028376937	13.078227078161289	-123.24418315405242	-46.743540360102166	-96.79457999069194	29.382220361195525	132.07451156748218	-82.89835299433139
52	-1.2388172592800744	-12.726316635540657	136.23458465838732	34.93839736814832	25.839870144877175	-54.80932467943002	61.25923741011866	43.73970363247671	79.64856533814373	-282.3044541013333	-76.70441689070695	-177.2984996263022	104.15747214432686	288.67845083019716	46.63253101023417	6.8120289688604	-10.119769357768469	15.805128294864792	-11.635823892568604	77.38734762371463	145.88402568130957	85.03797520741765	39.1297063496133	-25.629460691275494	55.28675933885032	2.605003728225774	-28.372335260361556	85.03767643097541	77.02848070657177	74.2541835663082	-157.02768311877782	39.61539850438748	-95.65380880910901	158.35992067586048	50.294184526350904	-52.62808596115075	94.16361151822137
53	-74.64457424146583	22.984026337515655	-24.196952782803734	93.2575491015538	28.14723313192977	36.634830809060176	55.5942583139633	-22.23008318543294	-39.452230023359164	-45.52231094949063	23.13681357851458	-5.381018180840815	-22.717211068617033	-38.960233839507794	-13.148004341565688	19.014862834037743	-126.06183354631366	-44.20281739328656	51.32716316754397	-47.0104007576789	-40.340902989648605	-36.0683965435526	-7.298873654644555	-53.522073982245296	-0.33671405049976566	-51.766973748291605	-12.539678684484013	19.766519386010316	55.14188875234409	-50.63978889783477	65.6697593724081	46.540840291916794	79.11650732284576	-73.84129281009452	-66.64468487898563	-84.38825193388291	91.29929105592666
54	37.98844119264552	30.95618056501501	-11.964821844992008	89.37145781459333	185.711028983379	-109.3654751924998	-140.85355586042095	-45.57364184064942	39.620948665650516	25.042545819226895	87.78363498613791	82.87349678869514	-26.07917167227733	91.46901381932216	62.7547000766852	151.36128816044774	-97.36508990661399	-134.04198767287724	-45.68843403664401	-8.062588522221777	34.90604164388938	-16.598149937937624	20.034452655752933	148.81352628635614	76.12290010895397	21.262205500485305	59.32363599248761	51.612708474949606	-154.33322508327856	17.197429877300465	198.09680809561854	59.581858537286486	91.74840754824068	-4.0990965733233065	-137.62154445586341	71.62880286558794	-138.105308380191
55	146.64404793750685	6.805134468903829	124.3825090758324	-118.41536137652723	165.61108018753308	-2.179328884662911	-77.61097597733308	16.353518615519214	78.07931025354168	95.79404091392927	49.57669536167632	25.371857595968102	95.62031951956281	-59.62772144509734	-79.76586889430665	-6.655566071912929	26.558467354162445	29.58035199917416	-166.91594687247192	-13.644292858515184	-23.175603908575944	-66.44519666693039	-23.42879619089235	-45.165463473187465	-41.338935109306924	65.29026220088694	101.87010437267077	-4.241599502758484	-151.956555176639	14.42537768922351	29.022796356985893	-5.515573575569972	-143.05821179945676	113.23871644362715	5.993727924580578	116.2336780007715	-101.93442349331698
56	-72.71049139416758	-98.82651213788708	113.87768186878588	37.48195890212514	3.525402549639749	-55.558018642627594	-80.30259000304764	8.467064807319295	-22.352074608380537	140.16980453848004	262.64014693776204	-43.26556502140717	-84.00931352656471	-146.2813640108955	51.28316438560509	-172.70087823978122	-73.56051517170394	-88.10512365216368	48.05206925521637	-57.110665072732175	141.27026531508523	-46.151738948653325	-89.40048696342502	-21.999203282656147	-103.84372294674534	-28.162355784027252	-190.02336821485486	-61.50298129371799	-67.64958485096786	-2.517562679106243	-82.48375633755602	-49.03364617948359	-134.21851758678886	11.35918495430888	25.184306082618203	47.62138808296119	172.79626405055623
57	47.010581697043946	47.90551491571846	-76.38597264734001	-122.10056523610578	-77.4854380241235	51.26807969182051	-69.11533132740614	-50.32313867551341	-12.432369571210511	-76.8733733036511	-0.24500558047658993	-14.713480017530335	68.42053907993562	26.53762733077284	33.45625530371951	21.231238238161396	16.607461514576393	132.29111901475835	55.20442094620575	35.43344489298014	-84.09875269102339	51.71026194658869	117.87110736509942	51.4480093818684	87.97947618272944	45.48589569374312	67.62736007703698	95.31730029054232	116.69486121928337	52.58546924532911	-10.498229143737019	45.264824108976434	34.98388776220547	-2.9665546732623853	-32.46633596352788	-26.644700357126418	-105.67537577961922
58	87.45329557016194	58.0863539412139	-76.70004606571983	-13.166741228861461	-65.44188655480124	45.932967504963244	-120.11697393440716	14.058929655097447	-9.797662769933924	99.5024300113474	-197.17009505168363	234.90753576532785	104.94236469162229	223.09133154873447	-125.92864766069167	1.3370402642572854	-91.32969321613295	6.207365029084727	14.813000257879086	86.94655765384832	-170.11674454085906	108.47877990897247	-41.05658931659044	127.45082452144912	71.77974404344738	50.387433623008306	-109.51973106380916	-31.54990569601398	-238.5041354731505	81.44413308390948	-28.385618818487686	-21.662731856805244	285.4787439201901	141.15991061439107	-64.0961249386723	244.397771213202	-256.5657617902731
59	26.546899598578616	-12.228069771437204	-26.14910121954891	-107.47072424695618	-127.60681396433958	-0.6984053129137527	-4.03366583975276	-40.97637313975879	56.95461061340964	-261.64803593640863	203.10176182632983	30.07886515223338	81.32032927175597	225.04651356264375	3.8269367300029464	68.87317797188055	107.13608330184383	-102.71996079146848	93.58117375400734	-2.5612135303876418	155.84967324084027	-18.079708852527794	169.5349681323047	125.47175478884913	94.91862468837365	16.779534675679486	-226.9819136242185	41.302183318921976	-67.83354672837257	-226.36576476613882	32.294933504233015	10.311852501341836	65.37673675137837	10.506324727288575	-87.03878107674738	-160.95663254520107	-20.527337622972855
60	-34.74048409134704	-10.696034688914727	-6.626144474751078	80.35819900196067	41.61886389544972	8.471697074277897	352.34527751120544	56.40434363354064	61.82773706872911	-294.86254352771334	-206.73987328629582	-96.94330561621037	-56.854209721866056	152.54424830402232	121.79447566341355	166.8538437432712	184.31050975705207	-40.65231205535294	-100.86388041561906	-93.9520497908958	78.39675915753679	36.894294226469384	62.88644352015954	-124.07212307850037	-47.49537565796778	21.58869135873204	-41.57389416517162	-72.8724406495036	-65.92998482484631	-246.88998790626323	22.721798354537277	14.723205858657174	116.71600953935203	-50.545741373186395	16.912616683184876	-49.78635535386589	77.11290603683602
61	7.281687314291479	76.68798323917517	-57.49363573279451	168.32146999599254	76.8180903545652	-3.8723793009586203	22.956228646271878	46.71255700327522	-80.13416387214296	341.3202780451787	-421.9054635881405	-44.36042554962601	-118.67865818547386	-289.2991125370792	-61.08673697924329	-131.30469137620622	-122.67884439369708	220.05560157576053	-110.17187743428292	62.01100486947648	-189.2260741332655	127.60466446317876	-190.51311535612882	-108.24047684064472	-94.64606740799303	-77.64829098796068	433.8637380037425	-44.566696884230645	232.89885930360748	408.21665167441904	-69.7232222621643	-19.700857030984974	-65.31757426580378	-28.51063981381002	160.51254605246513	115.44445103003295	106.47575977300338
62	-16.19905858418927	226.50533131147978	86.34274084523999	-121.5853704942844	-13.25390174164679	87.93760687214154	-49.64523855633362	43.027679218470986	-40.25852549702062	43.759448799987965	52.36315547764903	0.11291928523492595	18.608723125983822	171.9286428845312	28.220976690953602	109.06373257088447	-34.941935913483434	9.272997800766461	-41.51284183605425	-42.574783040822986	73.74034621061533	-96.84953821710499	138.64250509314712	12.057859506032793	21.290366850835458	-29.94043302433002	145.46482399611304	133.37706727300602	-94.43565510887656	120.5176740232058	-83.29544848298384	-11.49091432616919	140.05695189655387	-73.33446023133783	-149.8494978381664	183.61641618112228	-11.004966633341983
63	-96.82272471177045	-50.94435628805223	39.37635443259623	-47.64037796067808	126.60916139102824	30.940308106700986	-23.284056112357298	-18.20887579079136	47.689056585435964	-81.46938786425378	232.89305438167685	-106.15157634190987	81.65275161751666	-57.14461473786331	59.75036665846788	118.08107617504035	26.69422605573563	-102.81114446811947	106.47718277542971	-139.1379374946535	-76.02104986912536	-93.39465314819329	-85.64059940213544	-19.876750429274672	6.248485070401863	128.14846354543448	-154.9300190516803	14.853456319076361	-145.50480844304002	-182.2771987329711	23.88862902629734	2.3802754251935325	-31.138430107037475	11.09265936444735	74.30824724558046	83.81245508512214	-201.41441256893575
64	-116.91582112827885	-0.33419803215673266	-60.82510887028153	119.7507630186476	-24.80952487798777	52.80588778136537	110.72032942047727	83.28606919795435	-80.77460622438126	-53.82223047783563	-12.474786609975691	-13.357767021929188	-56.3531916032254	63.183278252111855	108.5310452360172	44.081882649097516	-85.80804614318765	-67.67913182404429	102.44453483034066	60.95287141200493	108.47136621205803	61.193787606365895	2.0237926625882965	-23.409968122649662	-37.69792827775772	-19.55462500767444	2.750539135997831	-49.723095463013664	188.07345491164315	-28.554460396375532	45.68764545872931	48.82437292186203	182.92374786516456	-126.17962665379416	-170.18574787606482	52.01129651485187	14.734890894076827
65	-17.55035178964765	-106.85501592378971	-91.59846864991917	34.06636583849362	-29.919438565436117	-116.03141544177852	-49.5425604143051	-38.511693739820004	-11.299735099122861	15.92089041151647	-82.50245729952071	21.98758277286041	3.1653213490018928	-3.578192767459208	-109.29899179395072	-91.25492455314343	75.84646441330801	6.582412951303435	-21.447979026272524	54.654137198697754	6.341770368281721	19.351857907409467	11.269822101130016	-16.543467497978664	-71.94411459091322	-17.762211184430853	-20.74471726706375	-41.38137008173284	102.88577041514725	64.73865174935193	102.57062698588506	60.057335103885116	-68.30805484877826	5.9991404280286895	-13.382487899302658	-170.7349633333592	92.07723706606427
66	-15.854371841515595	16.406287175595324	-57.66203576591664	-26.874757387219425	-93.1132092687032	-46.63242752815499	3.547726270800247	120.57249351239655	34.43761982283268	-1.180312932521826	-115.31468044156613	19.662574032585248	-147.17964683065253	-119.14399731154172	112.67874066849288	200.06403696810906	136.0668088319504	42.04431844517719	-52.818523636143226	28.93889580413801	116.43825092868926	68.23631626215168	-53.317466437241066	118.24608906745182	148.31105647354366	-7.1064685735029745	197.56923602322385	-66.05478051984666	90.04289952803673	113.40487375661256	46.01149551579269	-89.70658435869949	72.69002669545907	22.001702948035646	52.93226783813247	-49.48171816367516	-123.10671456536376
67	21.722612888011483	15.218776508738639	0.9825112502910318	-23.174352136322582	-5.021405319206782	-7.151842012947333	0.31489084463385064	-64.15819217999703	64.23711914955757	-10.671860370897127	18.988351214596044	-152.05958864950483	128.96613647962462	-24.314604000534818	-135.5759411881483	-12.010079142220212	6.345868454600015	-0.6737546304230704	38.85044596154362	-46.54044451023373	-36.391449570090074	11.877467931479972	50.421997740370465	0.021622442728220358	-10.983811153781499	17.513533641310143	41.387045284671196	67.11682066028706	-6.218022958711878	56.95116768052741	-25.135367144946702	30.278159973849196	-8.576016958522311	97.7674182153826	78.23829191333873	-5.7525022785334405	10.878818357033039
68	-32.99251554421119	-5.688651467773683	117.17337008119436	4.359652992922568	150.90629481463327	124.84421751344334	70.61280595150724	40.53149229707708	-79.47782444845171	-28.455502161050113	117.28351309583809	113.01354737892832	-45.024645182787964	122.80038707913155	175.7457262673048	-63.846118756114656	-113.42483348455278	-12.974836583934115	-44.54069651243915	32.7582568863382	-23.15604590601643	-123.00023607285142	-11.218789450548	-93.75055704690666	-61.61517978187929	12.379836380797467	-213.46535806859671	-53.67358113288636	-90.5878090656116	-208.00861248518558	-52.19463707510949	29.87734167576209	-54.13624337666292	-181.06513318974956	-121.70273725112325	132.60135517249427	-88.64820562793018
69	114.39081697486381	-39.78640311286403	-37.85492359314327	-15.498205011080469	-208.48354136598854	-130.46242874175599	-60.588013469426386	-91.65096706102153	91.16732695270858	-42.27853640833771	-70.01819372147548	-245.67105664893194	82.21052643709949	-97.1397907563142	-244.8597475879875	-88.00956415630472	293.2636477616829	101.09147149315403	5.637952535124639	-53.95901840176344	3.956317329137825	94.64492629869143	86.90170449343145	87.85890779198553	-48.904730004930705	-50.00242144182791	268.2893153732408	83.2428539712301	137.52912784760397	208.17966401837361	-124.99088345427003	-23.280976499961962	-212.79722760801585	190.83846050994896	330.1967692535023	-165.31562067086108	178.1843002888384
70	53.32850313388663	20.076924716749893	-152.28037790258588	-27.370867329535862	-21.022454129637765	-74.90882412627788	-54.74930770487095	-23.899260246801273	-11.561034316851083	211.0866741295211	-25.62002682638641	-12.641716798046698	-44.19878252484987	-2.646850936431783	12.965804137767048	-72.77256357729219	-29.386597260923185	-63.673125097383384	11.064413309474403	7.170555637754418	-43.44269406198857	-72.19350784734674	-45.34204424031652	8.229020091324236	58.882010270397025	-26.470807557298492	-128.57778808173393	-51.98613650793773	-74.9579824781738	-59.366349262818495	-2.769276205347114	-58.027768095400184	107.9579052036056	-14.933181257498404	30.74618905918401	-108.88345754899322	-133.6642281321507
71	-12.349875051390981	-14.181725597330072	143.65728885123616	-152.85253918089364	75.32247871977253	-118.69731720114034	-180.14871002411311	-83.82800538451909	-36.80906019571077	-22.0770371911728	-24.061809061158826	43.75448642508605	-64.74764992280436	-92.63001766034166	-69.72836085680056	-39.201090923959846	-111.69378957178908	189.45901467589937	-63.23638810871979	-89.7265105332277	-39.46882630292485	12.936008336641672	-0.8639735597935446	-47.16905496079705	-24.010535507902645	56.908923329723216	-7.935744455465247	125.59725032283559	-154.9573088246008	42.26554455093519	161.5943906838949	-28.26355433377613	-69.96267329776565	64.58111954205569	25.374461554036074	-63.47119632479525	184.09904309030026
72	-158.99759464762596	-10.113331892186329	-38.31014657956711	125.31811458374527	14.86167265985187	89.32121486187125	171.55898878092873	105.47708197119069	37.37797784649547	-240.2519430367627	-104.3262117403722	36.65184335711871	174.4836540066741	79.42170317746691	72.43163853475833	40.12726415889107	170.2728919657081	-154.53656716747335	52.01049937803031	142.38760762780396	2.338491963918579	126.359000875966	150.20986539495408	45.21901813960176	-10.229939957078397	-35.686751356893964	185.36990885204605	-83.00437128647027	198.86357619815516	64.86192030994691	-180.2193426769632	130.62791477019408	-76.70326825174627	69.70992504221023	-77.47608383799754	228.35962058428768	-190.46519816231526
73	44.89273168887508	8.451429158902508	-74.54505072380117	29.505458750910485	56.48436445721676	18.869598099119134	-30.939634205845913	-37.43498111183147	20.113912257188282	-238.47337503136424	-152.56166449607372	-65.81161865594166	18.093029378061566	107.60190235596546	66.26144190453796	-109.15384636003797	72.38519916848114	141.96191946881237	147.8243081064453	-6.872819019118272	118.77656067560999	173.82677705986086	144.55456643099228	203.53021472149334	-122.88876013080748	35.67009193882471	24.378414948054772	-18.657750003068	69.58234206979056	106.71778091370768	-76.22857474328838	114.10006539931865	27.587643478622542	64.3709973979745	13.475810984705529	200.0459554568947	-8.939780031472186
74	13.890372184807795	49.78685534451159	-41.28882765552971	17.02060515215037	31.443344358520417	82.19362719169312	27.95678776029949	48.94552534959527	-16.981051374920067	57.5999375496575	-2.933405212337289	66.96826669585225	-37.54868811197364	57.10688862815678	58.63577606085685	30.322886828111244	-30.653446015595954	-46.71732691579483	-18.503178435698683	9.231731728189146	7.311309741657073	-59.738211352031676	-33.01831215874243	4.55972873374188	34.86814985807267	-41.47456145258633	-107.91898991634261	-27.0386123344437	-22.935441715341796	-106.81493303106413	-11.827093995367468	-4.2264326758558175	28.47418115369285	-80.33376291577012	-61.91982210988564	-33.15082477837956	-107.70720848900395
75	83.48160612616607	-55.96045202892845	57.803988347021715	119.00877714552821	-147.5148988507862	136.02196927631897	-32.202919261966	10.310295345494001	57.01368034277547	45.7522000922173	79.04411956278021	-91.24735668625365	-72.48875871842736	6.859879947072649	-91.61405931366988	70.4098824928935	109.19928530947627	-22.76731234718057	-20.287755974165375	-146.1366106147997	50.088295731504886	-131.45919000668522	-101.81310605802075	0.31699033613272676	-62.312395174903905	-186.53515421311727	-56.04562854302513	39.21477102290474	17.677782670915125	-59.62933848333302	-58.242125703181856	-77.82658546751607	-111.42518034434234	-64.78927822192763	88.93003681041927	-265.223091061436	205.7652914643354
76	-98.53851180099653	21.08038108241787	104.78009229328862	-200.74888516691288	172.8349088656415	-157.90856028462147	10.793232992203073	-14.242633400468828	-29.049094408017712	41.018718663369015	84.01840869567513	145.10521379603023	59.507080381453164	-159.47955792114448	24.99488631424168	44.200949151764156	-253.25924888983764	35.236463191593586	-80.58082231040294	102.86725682246488	-67.53997357075359	59.21006830295167	-17.5816318499769	-167.47346222140118	69.84798522025196	259.69888170186056	133.36153641018427	28.730160604571335	-82.54278708228294	37.971358941205715	265.9874498376299	-11.112407867731726	103.86706002511295	26.585986778951447	-157.14402971195383	203.29088768059037	12.592890557478565
77	-120.31735277731205	41.2668773105172	-3.2937157845221976	-125.27780179429949	51.803686579891284	-65.31206940849192	-268.6228535578793	38.40148094274323	-75.21780469185042	317.02974182406814	-3.4310290819588	223.7836204385693	-127.38829395809445	-127.69570785839754	65.95543671153487	14.011691067111158	-105.27970113344327	107.88919623418035	-15.468478556288336	-110.38409215709919	-139.80820119801822	-208.27456515521172	-17.300561718025882	-115.38659257125467	35.29160159391659	-137.1167385074701	-330.0507099858404	105.77919842813183	-267.90460900777566	-105.79114921010446	35.90832636586526	100.34423456979044	-189.3106609411487	-33.02914795175397	93.06296041612364	-160.06093791221713	-174.05038559928784
78	21.718000285661468	-27.155576164835754	7.7377834741987	44.12212643749325	-21.752754953363553	41.58863759576867	80.74399226389673	-10.51439784677245	31.998308322015465	-100.82762251964611	-1.3130417372338687	-78.32576543486992	46.385017283707484	51.116498228667	-27.742873713731893	15.467007018500038	87.01912535038478	-38.94435105485004	-4.489110790268982	29.906525335849	30.76960421322437	33.99489431769471	-7.045898451292373	25.17562158447877	-14.087313854230507	29.1459888307557	85.0164541454467	-46.047485582845326	82.79231868017445	8.18190774881123	-20.90890208721552	-30.002775764120095	28.318501197178215	-20.386028985780836	-17.631597606801027	15.538915645739575	22.85818154320754
79	-14.110649764030061	-26.886200089486145	2.3885617241101427	27.048289204779845	6.148435853785349	18.986732369098732	28.945021862726147	-17.435781196988227	8.376658002348448	-61.45915562560786	3.5481496061165108	-74.55955852446657	13.228691950286455	40.83370028873155	12.038642387913397	-0.036989868253210406	66.88514590126987	-47.44183339476379	-2.2736763549571384	-17.089765992197663	21.11067848750191	-10.357181633291848	-4.3650253866082975	0.13314868376653252	-9.303017541589522	-3.2218154092221303	-4.397173910686747	-39.99335562645713	59.155144227766144	-24.89108938183522	-15.254489605708095	-8.96564127924238	-14.309305512375612	-29.646539612344206	-12.915166915419103	-46.50336571378678	-22.311992988401663
80	221.6479375287088	112.7980385427633	-95.2582407175212	153.8781108948168	-245.21064301488514	-49.25817183280175	211.10669633641214	13.63816821115105	13.993863312218384	-52.09081465646575	-64.29098106448332	-2.648927450451727	-0.3909757650710046	-54.69319482105925	-70.18558875177922	-79.00171710986743	-242.510633308885	-29.616002098352723	21.81638798102243	129.3320131341517	143.57308164740445	339.76829963259445	18.818405165978078	151.12609699283183	-9.931190233834817	-6.807035652974326	361.4958952243528	53.147082724634714	158.76059947679167	242.13244925727153	-134.97435325009866	-84.99197028266605	242.2825951649323	231.64528552551596	21.905640855745673	216.60759653145712	398.4099859413291
81	-57.78259770506731	-234.20054160554994	-224.23048309967822	-157.78524592423292	-107.73878701474328	-189.8034120417302	-128.61326982528496	-243.62705326686213	-164.5193550843542	-712.7654659124671	-410.77215376734273	-402.0909668517407	14.977038967082054	-6.186659967251321	-271.54226922030256	-226.32119330372842	111.27904368519684	-8.742912223753642	-262.05544569256733	152.65069053125734	-55.58044457029271	223.79978533278467	-14.880346746229256	-129.47553288627816	-230.79494359240803	18.86318320331363	777.0978175341452	-301.5327680751377	288.72644159871453	175.34458208475718	-326.2875234223449	-245.26024144867915	-90.26057325567582	-189.30003083375425	-304.68744249669487	394.3460648834794	45.49729681486945
82	187.59683933430043	440.78185053342486	380.1805847778934	258.5003985441024	283.02505761280327	446.07252936995957	336.82211112260865	469.7134102901139	275.1430492557242	738.277376406825	702.7883524588267	474.81830483207193	145.68438934409923	148.65596876283593	406.48702893215057	437.5030804296899	-258.70411680394113	61.16206939274209	431.52373958880804	-17.04284612322683	212.71911280933517	-169.26323448890764	155.90262278559595	195.05568442828442	369.64244537570386	228.27355989416534	-720.949102504121	437.26055592995414	-294.1212428438739	-40.93150861224639	461.3316145955647	400.59154902043775	344.6983109571604	321.5936558257857	252.97191229040465	-83.93330193793584	-32.515106319983204
