	0	1	2	3	4	5	6	7	8	9	10	11	12	13	14	15	16	17	18	19	20	21	22	23	24	25	26	27	28	29	30	31	32	33	34	35
0	71.59620183048546	-66.58496792195295	-5.3118950829704215	16.33840965053955	-26.55168583531549	5.445987223118706	-21.805732678961682	56.95008290363078	-61.58114312271084	-109.20274024073865	-29.893579336730344	-47.59009544167181	78.80545185595035	-32.856253050494914	-5.369571892621932	9.633125195756682	-13.380666708456872	10.148602294331276	-36.93089977886544	43.20060468253112	-26.760887890740154	-0.4457628175422166	141.46354383490015	-60.86048952680353	9.05066329569596	-21.828974802252887	-18.70371557961341	-4.329266524846573	-78.9740741192101	-39.05589410658631	8.000529437806467	-14.941681407863964	10.509872229560319	-36.62578261461636	-4.458877655461038	11.312293334391695
1	32.15028004739544	56.302664468740915	10.981907302676088	8.728799431923676	-14.070570533546704	-8.786666046964314	-20.589782701156892	-150.29128484477172	50.368625946165125	41.62042401583232	39.67453179196785	33.587859974247976	-1.1529380711121435	-0.69596029855402	14.134472277345676	-12.601571079831068	3.066679612307559	91.60658012659992	27.42295455164132	-5.156862750527897	17.046756942719362	-26.753600626708643	-24.37526580320562	108.32782015879651	0.20640426324793437	37.56935188303813	-46.52737393327797	23.084373484135067	147.6230866440124	-43.80244972608178	-50.25325286866096	29.93261056749097	23.888629203244687	32.26611287834837	22.855248789122392	48.28077535157325
2	-35.29244271210914	-48.75546151116193	59.33782013330535	-41.652680815071434	6.686321898454302	-13.289512769719286	-67.82828765528996	-80.08266563514582	35.523701258969716	-37.00933641171169	-71.86197704293814	42.91798937521276	-70.75048235470989	-14.120664042684238	-24.237620334843605	-40.09119761571339	-134.32019386575976	90.71048259729145	3.7300540869149454	35.03142244324762	32.716715472169575	-80.10704718950699	159.78385837033647	74.43078105739502	-62.58942911307751	-31.454673207960308	-20.44070260570205	38.013814530470576	93.20069637697411	-88.56923982900344	-58.496351874586985	49.74291195773537	-7.024534140482583	-36.359300373582435	-19.45316485075749	55.34924922102231
3	-14.552832590529539	-5.687802469202317	25.842336375939176	48.61180422130541	8.054241766107143	56.030180705664506	21.303539645532233	38.871954306731624	38.33064312747929	24.190467558354886	23.285386079522773	18.809004134216767	63.884155774589644	31.990605279453312	-19.210808070166102	15.311603712580041	-14.36447234241686	-60.43398200758769	27.360770658828148	5.615481409404064	-19.014202936677332	2.051616543164996	-79.60871421815453	12.310710863673899	17.058427399043353	21.12006455136907	-24.386855774790785	-30.791047767353277	-61.883575452957885	18.20871355709277	17.7397724254931	-5.638195926129193	17.160468368969717	10.398919487418846	6.872546538556781	-29.720418264672627
4	-15.749634756734064	-18.318534699960264	2.8933772486563942	-16.840879393387365	3.1337406480697343	-18.091144394773423	-11.734451990456028	-11.978489781192714	-4.54105514747008	2.1629666114959756	-35.18407700262618	24.33504133246282	-2.5999574267791354	11.239829001657837	-4.829723621559667	-34.11209216475054	-34.840176992293905	24.43748782770525	-23.00092543089545	45.074473985106465	5.960317039346321	-32.660068292544096	71.35523837159862	23.849415029926213	1.7966022596841564	-6.859490884875523	-52.61458566992515	-0.8611162318293493	4.6608569745124715	-30.76416503443197	-2.4414739570140664	-0.8992624709240701	-19.058597097847684	-13.93817737900788	-12.3389065831354	16.11545857009337
5	-12.413780069793217	-39.788545419334994	17.186101440469102	73.92675127166414	47.42820267861807	81.4136270666794	29.399836359450077	86.36273168142787	-40.017254960594414	-26.24508516613511	23.89917539758041	-61.140580947175565	75.94472897546032	-59.618637634672325	37.3646277462971	13.944516994765422	23.03314553602554	-50.81289772830364	-33.36130106514824	11.411833606217836	18.476832579206633	78.76596184104487	-34.46263327133866	-87.09066679232896	38.961203234592276	34.283139398820495	4.51619742503737	-25.664918807739795	-159.73991597697483	50.892121477430834	42.24303849391662	-30.86677586576861	-14.947078046655674	-26.102911861696338	-4.43127591612575	-83.4333650424093
6	-9.694923498349732	-16.963301582717534	-16.60164208461381	-26.26311419736265	-26.88525660954106	-9.981869445718944	24.047425928941998	7.920523838519527	-32.46629910915363	-18.939192848228977	16.696456969583792	-13.465884424223363	-55.195500868279304	-54.663478881839715	6.659952836182478	-16.085491884257927	29.501579461820477	1.2073578466196386	-44.882969979595416	-67.74904502750483	-12.501830049702374	-27.42191742234796	-64.06298787017255	-40.94989655657299	-38.3148901691957	-27.28073767434656	3.762080735632589	3.5698523736035583	-1.1342249767939447	12.009662529849699	21.089324731664302	11.103494341883636	-12.354641017696494	-37.30193726225831	-24.590097470618197	-33.98403915578905
7	46.22400867680131	-34.60523410248699	-35.4089322285749	-16.486304890371375	-31.63123693571519	-22.90364232195802	-43.75376694218658	34.848248272370384	-60.09638025450756	-33.369391107427646	-56.418746458885295	-30.899840740950555	34.52310634021996	11.487112344817016	-3.039493221847802	-22.660665894891093	-87.58029930604583	-20.262772673467946	-23.34396287817361	33.362090506233194	-21.755173664668476	40.922690930478595	153.6981280386007	14.117986873971901	-31.235942780447385	-47.21757971732419	19.502849425487508	-15.697209453913576	-56.03019319603656	-39.9076616506563	-0.5308523438026596	-5.4579711166204055	6.973993779640786	19.46863391430417	-55.09372195563556	12.652425898513375
8	-21.33362834318895	-24.717154440366418	-2.932899516872297	-28.959640145350136	-38.2349773289878	-7.152645521923878	-40.98810550610098	22.038670057169455	39.79825648504979	-51.119649232123535	-31.26407469682132	-32.118769198837875	0.14336674523953352	1.994595991805832	-88.00734342547825	-3.0996235843562925	-48.593138103338575	54.79660028100714	-21.61419079003679	35.32654533086203	-19.541710671148657	-38.083658051461356	73.13224887653472	-2.7357527612107244	-23.028960938191712	-22.67779610412066	-35.086135786593225	-37.42644162324461	-59.72028792265708	-1.1242567894684177	-4.058066835097985	-19.506109848904007	-32.60602829759726	-9.196614272612198	-12.731644955614911	-14.164247141782473
9	-49.42043245294922	-40.734216096906856	25.853665011668113	29.644742388774887	26.621878697327194	23.16960480691123	22.457780872332215	28.485012790288042	16.284446193139605	62.136265091013755	8.73715391169627	3.008073793449123	-21.007457768286837	-13.17456242038807	-39.78284827933758	18.379953145778728	-36.295493457650444	-35.3789077248385	12.254991379595362	48.28114629486616	35.16789298599876	61.4044005411493	-38.64972362394852	-37.42613339719278	-15.766842791410618	14.701656522154634	8.419266296308628	24.285358251964084	-59.21857419514234	40.89335130021998	15.234818946835277	16.180582038974404	-9.516006924537049	6.387361020940133	32.266514096637614	-5.690459549673622
10	135.7195933698872	-80.73056589228467	-90.03004058466213	-43.1558208410985	-5.860342790907812	-31.56500212467426	86.83976424801945	126.87732851454786	-84.89981577518097	-40.76512700324586	77.12722450301085	-82.5429125214001	19.802591365622202	-110.78750487781905	29.089849273414128	30.91107402464506	207.88116385936752	-65.92796231238583	-65.81648551826704	-137.51774278932007	-99.11878394508852	-2.1602711002141985	4.708053670163153	-132.47708822470426	-16.386971585058895	-0.2942090219379678	44.57030379812199	50.22904912286729	-111.45026106314421	26.174940969848436	81.67770790514416	-14.974782257390062	-25.64394515204515	29.651004645217643	8.642382063694141	25.835814230347804
11	56.35890873800587	36.81042141593351	-66.49239497100722	7.956714190831082	-35.055071444329265	-13.631582845206697	27.84933173481578	26.764996487774088	-51.60138395001113	0.3850191761445201	11.879897101592078	-11.635850542996886	40.94515952039507	-49.272089407685314	42.72357740204767	-4.819398539523383	94.17431524385985	-17.895636693810566	-48.62394761732644	-94.0609124613864	-40.10926108935468	-37.11894950829382	-99.52415896332211	-23.89185636848615	-28.11659838948928	9.210208492109265	34.094378818060164	-19.868925314432435	-46.07002587531359	5.583009176772088	47.40890310405132	-47.457917497100084	-17.736623079614393	-47.12268660076376	-36.70560499543162	0.9439413752653659
12	-40.40230789684039	29.260547502478303	16.18664486839998	-28.336350909856915	-24.94654168826009	-16.04384562001493	-1.2046023232890293	-29.055116808567902	6.15358905378178	28.79617972846946	-31.066904338163372	-21.65792063606252	-47.81707573167207	37.42616692598647	-11.316762435272707	-16.34839036776096	0.8184898921024454	6.321946203231078	-7.325353774808767	-8.076022361098047	8.282384194130564	-14.136777875033124	-78.87203203267575	17.444595080663042	-3.2184813326681327	-44.43985388116005	34.134787664615565	-42.97312799968223	37.750463893858175	-6.757461519142239	3.7601898405625853	-3.006555470777536	-13.718769551159824	-10.963523972251329	-32.74949496884084	-7.449192927877599
13	-39.88489853278055	65.96570628665137	15.898081726559488	-19.63493641009151	-19.551509491615906	-30.584117153852517	-40.252734895732054	-136.30597178638325	62.106126258784634	46.483409864129726	-32.61512224748189	76.56915801149975	-31.56275787470484	90.44159165475521	13.549642953353867	-27.657326747632116	-55.684805472853746	74.70244385272512	39.60283431057375	15.822216680582688	32.59081384598856	-53.87320638685137	24.0621286904672	120.38478105678954	-21.04656635694787	9.65389245253542	-11.1346694153891	29.52238642318588	148.47386106786828	-52.342536230012655	-17.38197001402568	46.95574209792933	26.59411504887285	-7.826884738633746	8.323486071053633	71.81898584225985
14	42.67359573089411	10.227427457416624	-24.259331562202302	-84.61628033174392	-11.191206014805225	-67.86317245243445	-29.08908489662325	-44.21127949691081	-24.062337363514924	-107.21938232157078	-8.952089682930959	-4.937277712545676	-33.609689541539275	26.856548126420474	43.24737172459503	-35.69121440501599	33.26349282865563	45.60049978360041	10.767223010980205	-25.442820064242518	-13.718706222978641	-34.578990892758725	148.58618698290832	8.053011152565565	17.230469825762224	-19.479412162638205	-9.630135130821873	-5.690618951605933	50.3915907111566	-47.53264778669347	-34.6620999218032	-12.833706498804213	6.577073376485805	32.55916763000839	-12.441986946501268	35.89629715623499
15	-543.676485202409	-17.553519591507005	291.21746967768325	55.08523707553682	106.3624824774761	221.5492485025803	7.96463329305738	160.68245359701046	288.2785019564714	345.0737517599672	-159.11254941101143	220.70988936962664	-96.00157525402545	259.0146486270962	-304.9576485101408	5.247043180359325	-686.8629632835671	-138.15280902189656	161.97085735350618	494.1409971504388	175.67172261444833	98.44514998736925	-445.8254543786443	60.539212255268865	93.35245397355241	-49.88859969982731	24.01973564144754	-182.09995880025684	-69.29576060868527	318.2296134677269	-102.0358806748309	-75.80079555963876	-89.95229669346605	-91.90647467420874	138.60378489121916	-363.5073088085217
16	28.937504349330972	-65.73740749897581	-30.85374464364173	-23.597054481890638	-25.769624573034402	-38.910750062403444	-26.99961815376294	44.14333755137918	-55.376791878752584	-47.66802163828767	-21.518052678760174	-16.580845185276278	-5.162384550028364	-67.72574695074687	-24.08027113597578	-31.621859098002787	16.151192505322474	16.318092242917036	-61.28519087976553	4.451196401462165	-24.163771911714935	-9.961265633827338	94.32135333492054	-51.21773300734052	-28.80776950578847	-13.578741822868482	-11.759986830528621	-9.620725123008944	-68.92774431140832	-29.401954939008878	35.96492727326188	-20.123405897190494	-40.53158319380334	-9.268184012467275	-22.39895284237794	34.71541442684511
17	-48.484452323739774	-78.89104572330262	-20.750806630492896	7.4645349916804555	-0.3813687775653741	32.42705827429395	49.9683804554692	213.7845809755421	-48.23690947076935	-42.62283498402882	-28.742341175507477	-68.59605248258825	-12.469786695862139	-35.13703245024094	-82.20608064123688	10.306330712481289	6.962752514204293	-99.7330906479126	-36.461945203404696	31.48061875866571	-27.1791965039731	97.66622919385266	-59.934231482904046	-99.91462233640732	-11.622960624038924	-47.98420712158085	48.23524227829102	-65.55057394061315	-227.29000378181505	133.14402928318012	34.679260849204766	-85.78436454361893	-44.04847627256445	18.72205171885312	9.11029112422719	-104.76155711116733
18	-14.617265050101228	2.3859542739289785	28.924768553442107	23.951397287018466	16.722443048016345	21.237307547114824	10.920618546595923	-15.325278601514977	24.02541705040913	20.319485747199938	11.954436716567395	3.451640583075785	-6.175725889129341	29.152956270694308	4.1865920962770655	15.781878513224274	-35.95299496865417	-7.931385979942068	46.14031015464928	43.54795186489095	28.777262871436488	-5.453958944511272	-48.325613489944104	49.50763714399408	-9.209795449238612	-7.515455041876301	-0.0548101797761803	8.848853822064754	44.60859206102046	-6.20951698052476	10.174269408713212	-0.2513604866679545	5.405192707478381	8.701892123112586	5.174236843257579	33.118548585542676
19	116.89164931112207	43.24043215930867	-37.536579208590766	22.23492809657863	-15.60033749150171	0.6042896410990337	27.566321270410988	-23.38911042141088	-36.53335788515425	-35.923768207882006	54.06286713547957	-42.88552948194636	17.14128443112373	-85.58216602249385	66.29479197510021	17.152902522815666	251.80702302113946	2.191947001207811	-47.501347971089025	-135.74745525726183	-7.815355573362692	3.695932207014396	-15.472230662733145	-65.982404096007	11.932538233555073	2.025995629850653	-44.17242042608132	39.017421098100314	-3.1175632407000764	-27.218588497622477	6.930291442948981	14.086217370193197	38.473269923333305	20.71400845789105	-3.2039545298120835	66.54590660696023
20	0.4190641429024822	4.602877147612997	18.277199313117926	4.493395376342343	27.167131705962376	-0.15654305945914126	15.24873143550966	-10.604165102249336	10.900914478719914	-18.193540526535116	35.83474464803633	11.470833846050411	-2.7323319042234155	16.241893527633952	-14.792331499139037	39.953685154708715	-19.30408041037216	-6.102723797145522	49.80019576643332	3.529307164238832	7.238727733543651	-8.649383061706928	38.350898843826926	16.50095659113128	-0.9287523118311247	20.258824495573524	9.426046351946283	16.09603748940696	45.20172603972856	-3.423204402687295	-34.18833838535539	21.54741782139692	29.674924286244142	17.566029481611295	5.197492943834405	-14.458172253438413
21	34.074860974530424	-34.8270629333644	8.782472274593397	-40.441110820459606	-27.253955188690487	21.61782427335192	3.5785271742904885	30.576003529580454	-13.10588204893497	-60.31991965201216	-11.7334163696799	-37.289827219325616	17.59369968996086	-16.194532221710922	2.8637574317655208	4.1009568070456766	7.978313928129442	-12.622810361431132	-11.968973924526296	-9.359247321015998	-24.717472880497876	6.098138773753564	82.86217482987264	-45.190302161112605	-32.00013530864002	-24.425117480778788	-19.61627711827689	17.411827480194333	-53.14454607080512	-33.03906605065783	26.610019135825386	-1.2552684745088647	-2.1844691096115003	-9.966876519453418	-7.0804088221254675	11.818988209407145
22	-1.7430697226935088	-28.45339372465044	-34.31189753789699	-28.56352799421834	-28.44619423802308	-36.07786360840068	-21.58722779465621	29.327654387690902	-30.196874103770906	-31.370247732630844	-27.582596216509334	-23.971838480491744	1.0439097154802384	-17.90976905640314	-37.59095011205948	-33.25405222921905	-3.152771657904448	39.990720358775135	-45.98130931345388	-15.636635840258442	-34.367870948867065	21.820172301219518	63.618951018428824	-52.373082978574104	1.8084782596115936	-11.057306457427414	-7.101132091862979	-4.262125577734335	-66.73689816119236	-28.656861628227094	-15.976721991993369	-12.802768831795992	-28.71728798911985	-15.776119968594532	-3.9956173152279106	-47.289281623537654
23	86.35287123865129	-71.8782906350454	-23.259954997352985	34.889769563663165	21.867209488926385	27.682903893157707	56.985434493584386	210.15751156384906	-49.71081705778071	-88.93645904764273	-9.802541793041154	-119.66077924514853	76.47500680873394	-60.87520471388671	-39.429261666225436	35.563866010534824	56.81511072729168	-80.92151844705138	-48.95405053279239	-25.84631836054212	-20.923212530944983	71.48403524179827	11.790409295098796	-107.58541642927221	-8.453929300888278	20.29108726624606	4.8687542974051015	-0.9215673140615477	-205.27321236809624	85.72185444186997	58.57147611814862	-27.867599493767074	-27.40999474805517	18.761207411786064	-5.492661982806428	-47.451877931048884
24	76.20585020523094	-3.283581656299825	27.156283341248603	12.317800072028586	20.795608097338263	49.169313641969126	-40.517275054714474	-21.805460305644214	45.139286245746106	-9.758899311671321	23.69482415468712	33.120386673830026	11.901004941739375	16.203863105451386	25.3811350572161	46.40713165650538	-31.322553972783165	58.816895695484206	20.187570838174334	-17.68789449862399	19.308088893579363	6.995518312613641	80.43565511258373	57.881882325454626	56.49607004407745	13.316480170002839	-48.515038647027964	50.76193870054852	21.909963083971107	-46.76418333297884	46.5002524366573	55.64049803720417	70.98605663875628	13.982732905095558	31.80706719435273	18.2577149712976
25	79.97289276811769	-19.318593000469765	-39.27984778261911	-19.184790527896663	-20.223522055789743	-10.463094210329526	-7.6383958129167056	-66.13404614173471	-41.41551280140264	-62.34756979632769	16.005700949597543	7.60459622387327	-5.345661926856109	-85.26992360594976	81.85961129518697	-17.846810595023648	82.86832210340769	19.958695281162747	-38.987902975258585	-56.152484943567586	-21.584724828089055	-52.41474955217909	80.5933939460153	-10.351405782938462	-5.597308409532761	52.188423642212896	-34.88527086977789	-0.913058506276752	-50.96545129268258	-53.99328393108369	25.39182749443099	3.505137563251647	-15.65502935131033	-47.30636505200285	-25.67791606675806	22.388653893509677
26	-146.7466145807835	97.98571147572234	13.658683224230037	-24.973235423591923	-21.135365499515224	-40.42692618816461	-27.382619329852474	-153.4746545020161	-3.521034435410723	102.29789432007365	-22.190742102676577	78.78804404177217	-62.64365142642771	59.867084160614716	10.188051473522458	-57.77718666084801	-42.99147363979601	-0.4421960250296828	54.363730960337584	66.96176807724676	2.912180996323242	-63.76390696275482	-101.86260938644467	48.93636402035651	-2.358344223181539	-26.52682144501588	50.156334759377955	-37.90136502063993	167.31838955710734	-26.014475769046534	-113.25653134980556	-24.93236601203342	-24.851906127290825	-6.315732946934809	-19.58569671747366	8.123029217752936
27	46.480340427534784	97.64359537430339	1.2524225125603308	51.30747865585365	39.589818160292275	4.078386861866344	5.781443372815936	-199.50666870506933	40.72616178175818	50.497924039224955	60.186907393966685	65.51498311209794	10.007225386536092	12.96543360562226	99.5019334043456	-0.8622855674436423	91.46450864181045	41.721216055456544	76.08881877816961	-70.70868560942675	48.75575212404792	-32.30032931749132	-32.71154082957679	80.84590720653183	71.12138147257401	71.21409895581257	-11.874844713747692	81.57062934822942	214.91349631239734	-111.80016600715797	-25.902670070090757	97.2462586041664	70.66109308165015	10.562271970045712	33.609190218802	79.43627713668917
28	12.072541696996344	-7.237608384835034	10.688964620194113	11.089552446491382	19.17550250964279	3.8220659769425467	-58.656823063368066	-18.751591990481867	12.454594266606788	-61.240187428205694	-1.5594197911538514	-32.769281928677465	-14.949024671951612	-4.557607083475937	16.0933232162401	19.327249632448364	4.919653939421208	-13.964781454460056	31.98157881628119	18.38549204560049	22.494557253062588	-6.366412090978965	60.69004709753546	17.53814123169053	-12.176283277442202	60.572625083928656	32.19190283532938	-10.553146647886223	44.529955856062614	25.118703632038798	-34.786859222745655	-28.89691410833815	34.04728291309122	-18.48595120408311	39.7566931672262	6.178093239185493
29	-247.80705288255885	-66.44386299042364	98.44323694412932	-28.878918374756783	29.967006070888885	70.49087262051789	27.47275288703532	217.57522075573797	86.81001603059002	170.52386870637983	-32.57374329087355	46.485024206273216	-29.63677004499861	83.85536550560855	-186.7253338949021	33.428168230303626	-319.27191226463816	-73.53310929359162	-21.753003509018143	145.12870056965616	39.383080004243	105.0894834785535	-285.5417134948424	-27.642234627531455	-9.643993095836432	-39.74141687168369	39.626890342452626	-104.62643585467468	-124.16959399880548	279.9710831915422	55.319504945592584	-23.691555514286108	-54.3462619000052	-8.815468680443438	5.176598361346018	-162.6987997239553
30	3.83739688388862	50.65563131938342	3.2033985009830768	5.963724231299761	23.032851477030647	17.34814138794699	33.68502506209922	-7.619879857941379	12.104465435008501	67.3422920536422	-0.1322397066002426	45.9922937570425	-36.26229917267473	75.95063542036098	21.66386352924392	28.135735853236064	41.32125679936792	-5.2076032428827705	29.237062394984108	-3.8463104655723392	15.796978852572025	-4.653199706780642	-80.90706086819704	26.96627315019138	16.483499155211263	-0.3419323553753546	-1.6448397046629677	11.333521349588885	32.24207394363155	-6.007106949157096	59.09123101481849	17.507643779014035	24.792984579380445	28.52815049973458	14.614998564576508	9.26741016137534
31	80.14528012187493	-70.3721320314735	-41.747178376806495	-5.073770222669818	-15.262858122903586	-76.69932576823376	-40.582019210360826	-106.75793786062115	-46.454904504830225	-82.76507810953291	27.09582270346867	-49.74162188947678	57.02492578343102	-105.63499527512515	80.65970075044198	-38.38794730214031	9.410882154955686	61.63347150037529	-35.0110234245641	-63.863903504351754	-34.67476897322149	-16.382013614115845	164.7730635733984	3.4488812747630693	-12.707910252970745	-7.264275936120658	-3.3607203165791155	25.53024897644879	0.9569695970044524	-134.61884096681	-29.99249612589366	82.67716195026404	-6.176329167179938	2.439456409685196	-44.11014934556844	79.95266987161547
32	58.95477553508065	15.154700876396971	-4.635456518936505	6.483300427586292	-3.6693453779850276	-32.765719296720626	-25.080364388220733	-122.97393203035908	-8.330906828613472	-20.951768153965812	70.21035440065057	39.56128133437591	14.256474789221585	-21.565325441229685	77.41163359821911	0.6470174489359656	39.83390470697927	84.7613774858954	32.609291114756914	-41.280291637734265	-0.7259530486940253	-34.530419009745295	87.09464938568141	43.618500442461006	-21.72239072722739	17.82035301903042	12.847018791529791	84.1598263687749	106.50448429661368	-117.1029959734633	-43.403915084317944	54.200254986262344	39.85389700587324	2.5146159905894754	-7.449372311076877	95.9773170109364
33	1.635131135580556	1.2816828718162674	-16.371200668174506	-7.349235857202033	16.414572837890635	8.48921264874067	3.499436728667935	52.5260020360353	-28.3776402350231	-36.96946658195921	3.4110048421050125	-46.226343497627774	-7.48728657023158	-20.73646261991189	-42.62601508911142	-12.66452841383338	8.534849195102955	-33.19490558700834	-20.96238915870327	38.08768465641509	-12.880283026808678	33.64007114776501	40.09022768701113	-45.73845892656428	-0.06704396604232198	-25.420166539020265	14.732039002969817	-18.86881754680139	-75.62936045519594	26.159440459161974	-17.094629822924887	-27.080671267184986	-22.156610048038935	16.81951265053205	-1.7739192525945167	-49.297244388490995
34	-11.654486018509745	-71.31117801737726	-10.804354047103416	16.675659809478603	-41.10337456561162	26.830295761462125	-5.6766002625062955	121.83969175707634	-17.46097875871713	-59.521045085548884	-43.76881262227375	-13.388939772165218	3.1190702637766305	-28.48936471724458	-59.56660683934116	14.458592245440549	-49.521858744624836	-38.8951673018481	-42.25517253109467	46.90826822403475	-28.87293774133725	61.47980060072264	48.617016200727576	-34.71075121402083	-62.283891391309965	-22.896657169300322	3.0416315919838737	-31.949763556302628	-110.54946415020663	46.59660367280768	54.91232784237381	-40.73930335104442	-27.13223106847721	3.050439163475847	37.77271894428189	-87.75424293052939
35	25.006783588582337	66.37152417120323	38.63119563174817	2.1380941455141746	75.88110212387863	9.908861168965151	-39.25048704579959	-167.57947440182295	47.349388941488286	38.35494057864477	58.38955647015286	17.7281595226993	31.318826873369254	59.50234653127571	68.2246862764846	0.45725929826379463	-7.148777958794675	82.30448116118558	70.4940477651973	17.13132839113284	54.55109564167139	-55.75511757540921	42.462703177093005	55.17693101789198	65.51602624552488	38.82313446927074	-14.394493244379953	74.32528331550535	104.39641539398413	-95.34018692554707	-77.60527523800178	54.974597326134365	57.32699537942845	8.15532539577738	4.950097674318599	139.7185534711525
36	-23.261387290489488	34.26113974277978	-3.5913597734760856	-3.1751144326870984	5.271714331859423	-36.52161906316356	-9.234859576657005	-90.68128143603455	34.93041371323888	68.47134544462	2.093857678806005	53.10454285355665	-16.706140723926374	29.61992921268121	35.102217896103426	-13.66204599976075	-2.6641790315137444	23.46187405827604	50.65023507778006	-39.17214817478456	31.17020193248468	-42.76636039292434	-35.29185187783447	74.42888149398424	29.569046424721417	21.085244489741036	-4.920770432995855	-10.399577451070133	132.48147909733046	-34.365967033819466	-43.450705584291335	47.76314140163032	18.104812672277987	-17.3983154265464	-31.60013475227646	53.571706321492385
37	42.97932179221045	63.201330693512155	-0.5575479821095506	4.378042637259174	-25.452575373146523	-27.48653994370101	94.52678890740822	-55.352677824740184	14.318490187607376	55.039932920401505	29.15310392501767	54.60760371108966	-14.72171774561847	-49.29043231027369	64.32973473841035	8.01224758674872	90.25852971336495	-19.47118257887025	10.373000307940073	-90.65590567090021	24.03442563381126	-36.598383559981855	-135.73859659726625	7.889237027403766	26.354107267866084	19.572826039527353	-39.58700079528499	61.71529138464179	165.91468721489827	-23.850105290672918	-37.71377397136854	20.429572743836673	5.308491175063311	14.535469107896963	-45.23002090864995	11.286067815817654
38	24.416052721008228	-103.92992224654748	-8.896473473925253	-28.02335385970088	-53.03293619641008	-9.681261055349495	-51.43646368533519	43.14857450826099	-69.22080989025399	-97.0839835611872	-7.0881248979225004	7.006076653450489	-20.970735356616157	-18.077414189296835	-68.99140766640575	-67.63478442566071	-42.63523261982989	1.8941243956741514	-52.43061542771658	86.4653648039448	-5.585602754646366	5.33027929404369	196.14830330813413	-39.31988075156246	-30.179377079153042	-59.55858489434779	-18.829514006615675	3.7067358193232245	-117.38344197251101	-74.09324940725135	-28.72059926351004	-21.896002389052228	-36.61755238097839	-41.81218189291565	-4.689035651820505	7.098609293811975
39	19.16582184473812	17.23241664509662	23.01597129532116	-12.325284544055144	19.799495941033776	17.494806726232568	-12.93077854184984	59.6212547606702	7.404628555159222	-63.107754350651035	50.19968115086574	38.47759101053998	36.11057759016387	-37.950121141965916	26.84644593881692	5.064699315987399	-55.30403784646701	26.584566596365626	5.795057877792551	57.91781061291815	10.674534672996339	-17.12882970501348	91.79461224051421	-43.539225801957414	-20.607142034047882	-4.411104316595067	-27.559530343925942	-7.648875846225591	-33.39819951178618	-3.6633179187457743	-43.75211377363249	18.53936341821817	15.972042519480489	17.519640065345186	49.20604707355614	-9.047796856552186
40	-33.036099004036174	22.899790384308663	14.020953383516462	38.23547844366301	9.424805458295557	-19.99787686426239	-35.525415491448356	-93.15613028121743	73.30838613007198	63.2571320359448	-4.65642976678559	35.99923252461575	-32.95853491523631	87.39941419912985	-2.653507127969261	4.061911327371921	1.5959043018808163	72.45516949542396	30.64241725641196	-19.638724541804773	14.359889965267598	11.557414441447255	4.542239247485059	69.29938634915354	26.519261298338737	-33.91115424217435	4.547446610712287	59.467490353863866	139.6873187479725	11.987309766883882	-15.896801382500032	32.46974166154497	31.38593160919655	-14.164510518029871	24.561456440419526	53.02958689525648
41	100.335836509725	117.99752526209704	-76.37620109125915	55.75037699450983	29.799204076839807	20.34420769551152	171.77663892434794	149.1967915190485	-101.69042880316397	94.40635773826266	95.29280910038182	-148.03317435589275	-25.214439978361604	-60.893165682257404	103.40421343569517	102.08482710688975	299.85219912886083	-190.26186127226035	-32.860274476328314	-270.26889439249453	-55.02937359042044	51.082436173321135	-457.8849594548888	-128.87625093052677	-10.483162088656806	25.51345013453673	80.71454188935445	2.974554020155171	-40.30028739516165	142.5612150831767	176.2944333308523	-35.479348660383955	18.764595452222725	52.084358871939706	-16.59855725527732	-30.79426687106382
42	33.69857137042612	-4.957687129718735	-4.376452398625589	-42.89587740522719	-16.186919211161207	-55.48828549850141	16.68742109876902	-88.83183647047113	-8.959451702634631	-49.02997775528466	-17.911648481597766	8.499020488136006	-10.666420688095176	-42.59028420786039	68.32277482128771	-16.266662909977427	25.445716016072506	15.601912596918183	5.770882855229205	-12.241021083669589	-9.693296031390815	-62.28036978179425	18.998821768845254	31.352311373164646	-2.022046888573219	-1.3467388158920346	-39.496332765645676	12.66901486960506	54.02713693223911	-83.3115187504522	-23.45719063332222	9.263297747394976	-2.6333174452249652	-42.18775284784316	-41.86940190556899	84.16347170363382
43	-42.28393992928937	-10.257695992438897	-16.31908179434453	-43.341011917878745	-34.690629703212075	-18.444846079843487	-0.9266138580296677	1.5943590479047707	-9.20323739425396	4.234135558556737	-66.81561898910506	4.491235810806511	-42.115815369459206	11.185099961045875	-47.914997105257775	-10.370172448836763	-28.012037122756162	34.397064789437025	-31.639651866780564	8.93643307410948	-5.670374560846558	8.158188455024364	17.686048370029376	-37.128578135592285	8.101503910032758	-26.524703502116	19.119430414254662	-68.39349445416289	-76.20712429152377	12.467146227333002	-10.452768206429539	-53.59902506826643	-36.974245386085904	17.04628066890098	-24.289296887873657	-66.7207831574399
44	45.270863038473664	8.830925199683259	-65.61792527333292	-24.577718496940726	-21.964123480818788	-20.27212506702208	34.52846246428947	101.28961336317647	-104.96639759044288	-68.33552504069876	12.500560430246024	-77.41405805518838	-3.5732135597448296	-46.813588874882875	1.747233051683903	-19.740391546368407	101.54047142395665	-65.5273492050381	-56.76930432435921	-62.984466143363726	-70.78595653857619	-14.15352314220701	-23.342587483857017	-89.80294407083004	-5.273920284348243	-1.9803597061983509	45.951225785169015	-40.49394029682557	-122.17570647895076	42.41770162899282	35.55691383359316	-27.957541239154626	-35.1768101261562	7.504843554933604	-6.393769715479184	-68.24134348024118
45	17.115236637261997	59.30136566455758	16.94808301924581	20.69138114385406	14.685074874227197	-7.780341437404163	-91.57882119885876	-144.44860915883814	70.87114365968449	-5.71852662205915	10.756782054658919	78.88534485721277	10.247941262522401	44.325467769436315	33.9777365051362	0.06990189472162012	-15.38538442305651	98.3755480002528	40.63110321664109	16.24503859013816	51.2791407443909	-44.989492893773075	128.82944212829915	117.32144536847858	2.5146853745792224	33.68926377480275	-34.9646958198505	34.26543659878467	139.44910951058773	-99.1369311962591	-70.07946081778566	62.692411272945954	51.2725676469643	-0.1088948009419668	8.12814516186644	75.49027315719056
46	-3.525160218977222	-60.85451724599347	-5.077362859581854	15.530158847477328	-9.829752223124057	33.38846647385574	0.8838253875066271	56.266433870428514	-2.8348908385021168	2.2928600578483973	-32.04580882737026	-59.11827397404125	7.974621391166361	3.751596299993598	-74.26942502868053	-6.150541978542196	-62.48815045453733	-28.305154079571675	-18.101360703371082	22.288924783307756	-5.650520590217818	15.09175294614339	-0.3373740336265678	-3.4043467726878287	-39.52067691711232	53.901262245403046	17.667933447719864	-47.45979617470158	-115.29693787679824	73.09143406874702	28.047777296908915	-52.925876076200716	-46.67249323892601	32.39606560478725	-5.638337999606661	9.47958857560695
47	-34.999159644584	-21.820115728088037	11.302312878435362	-48.491334105962	-8.89830369954941	18.376570068759314	87.5545395279373	97.50281159971803	-29.883689416919328	18.41700441001876	-11.820996366168153	-14.913342054207254	-47.04568459864171	-16.292376765238075	-34.61504730064399	15.962637412484678	44.875892595143654	-86.13554440227551	-23.565486089978936	3.9807544223499356	-12.985497317075211	18.029254476789625	-167.6431696098596	-65.25100825443442	-4.681201492269464	-13.158764677188815	13.939586708830186	-34.3928259159314	-93.5839537774405	52.04096245601255	66.71915456460482	-26.660033425834957	-20.88180823190838	-49.84875164085239	-32.043766137757814	-76.24871666876112
48	-110.86709466345151	3.929489927455958	22.140956025961987	-4.737327953508707	12.937767757824579	66.50097677022194	35.22382205162053	148.69500347349555	50.90070524221512	71.39483539787616	-14.618947594753358	-54.270723026864225	-60.12943777735507	51.74844869282626	-95.89580060260974	14.827340035380265	-12.345146059664161	-40.64056354044749	-29.59834684841769	-11.727402181855016	17.531307296419826	54.132174722733495	-251.89630910302495	-30.724020366894994	19.203917731676125	-22.6907701782653	-5.038649723636659	-80.7069425494943	-96.42705479553044	170.27693176523857	109.00419547201767	-78.31318848045662	-39.05162582647028	21.613311778424762	19.240891788220583	-62.022256169238254
49	43.01443223993954	112.13163272119006	-62.65271484340003	6.076166622819015	-3.355631642787148	8.848715263154217	-30.379118186688853	-108.76372880605209	-15.161831130955543	87.38191064898389	60.67341016680866	23.191853525226346	-31.324508388566763	47.19335038369392	112.27590931641308	-4.2114512490117555	121.42809281437053	-22.922524951963776	65.14078375758181	-69.46377176231996	-26.10551335974725	-28.07709263468983	-127.63210288744537	17.937128583040252	55.32125011479761	31.81212223057301	11.221443443472523	24.230161529114394	175.2161107574933	-60.7327222632442	-14.312301057079958	56.07855562979505	34.34619628776539	37.597084215146836	0.1547063265052181	-17.068627698369482
50	24.827302183739338	-35.53745836988803	-4.192148026383597	20.132402111761035	-1.6962538949491335	-16.02804743027333	-63.772630208669064	-7.562676792481833	-39.01560694927636	-88.65239040307584	-18.10594160714442	-16.57777961906913	28.923389263073954	-53.90350607608276	-1.3895933775774494	-6.392418354661876	-19.548895935894546	44.70944477254992	-15.38129290943941	19.452120093133694	13.659226525469801	-14.54176169953851	100.31327612190292	7.700555017539138	12.259093788096749	-7.55878713402454	-20.510989595462032	28.054473808056994	-41.427532022636484	-30.374812417770446	29.439827516913645	28.03796611599685	-2.780779682596643	-9.923335895747652	-28.767787377679145	12.22357999278265
51	-29.239774598086857	-62.65497052398949	14.831553853000244	-32.28813474457067	-14.796737272257413	-20.635264119943223	61.157373327293676	49.54441261736136	27.34668239612646	-10.656389227257774	-24.81446859430299	-11.357944530663525	-25.400135808454284	-6.904074836017096	-47.0903598122776	-23.33712971352661	-57.00997881507778	-8.552239071332687	-30.105628311500922	-15.548072759697904	-7.985976175568897	-4.423666011423031	17.475008103895142	-8.582873366078337	-89.25574667403075	-23.55644577035684	20.77331333985222	-27.128639455642464	-47.277294443357604	32.41590734278127	-43.44287022845881	-49.70549495650256	-36.572623874577566	-33.489716847916185	-9.628422813336032	1.2874031967513384
52	155.10656500856663	95.53540931709396	27.361638107542007	99.46948813472308	78.2170109258607	73.75926928500348	70.88282322184831	68.96277971473624	-14.945144492129206	41.18872145831793	90.87439156625359	-46.34499597850512	126.7219492954608	-14.865307876007098	114.67636039878097	134.38304063923712	225.30308927689813	-123.41052398717872	51.428745200149585	-99.75958048952057	15.214751530750725	86.58738018278392	-221.1447923681569	-50.965328599614956	113.8158831903227	92.40001625139031	80.09463665734849	80.55123087559149	-3.9088801903320163	72.72128414100143	108.15034460287518	31.46758540952588	111.62747671020468	62.13674531363942	82.34686107335644	5.550508553200966
53	-30.15378338116622	-233.49114135918282	86.41682722932813	26.83344868821102	-15.834460114838025	-28.09051849183224	-203.9380144936226	-106.80697817898816	16.543683662902772	-225.34157278490522	-78.51785861994651	83.7030569152049	157.79149087239446	-69.18348379391132	-29.32099257556268	-18.788045824705996	-415.4384887122872	231.7254967811636	50.257442447312684	292.16232919890524	92.94566958514972	60.13367061538513	780.801090706907	150.920181017315	-54.770130938730425	-4.1541631417562215	-32.379513152544334	52.99060593066508	-55.465713608558445	-232.24165930837125	-142.96344090211272	122.91722931841049	38.73752527032307	-58.66729700009766	-28.36858344423482	49.10793542784326
54	-4.118571045398814	109.09335170563371	34.464204214765445	24.92390752767454	41.30755302594348	2.8635542581869573	10.811440504448068	-120.66365970511806	96.21355827496188	76.45378103725129	29.661488251905297	84.38980312090885	38.67490766639396	43.44526896644303	127.58491385019363	7.5228750242620706	11.234274308348947	47.59863978874009	63.22187470385159	5.908882522363687	30.024112085433618	-13.477382139597452	-96.61799553967538	105.49516897656622	81.15066689927697	82.31815539532938	-11.067932093362678	79.8414449433871	246.64479456422413	-66.27901889188861	-42.445657247634124	40.134376270781374	88.49490511439015	45.22481584437446	-5.172132297926371	50.82000666560471
55	-32.56903200741529	-68.55404266809131	-30.885236392954116	-42.25325643585191	-32.01258986840407	-21.465473186790344	-23.076248225121233	37.17686391024632	-59.16164200561505	-62.009675394227244	-7.400730608245573	-15.201860072049822	6.15493115060146	-44.85038765768527	-35.42343383051025	-46.745411331178154	-14.388941735086977	-20.921490591367473	-21.213725879935346	42.16590176854827	-31.492014504276817	0.3959994451485025	85.52468696145655	-38.513923807822756	-17.703882306547694	-5.2452642689856885	-18.295885782680283	-35.449973735672074	-58.64257236583733	-43.72441440380927	-32.632152415971724	0.10828978884528229	-43.066153624550616	-16.25600518951617	-26.47783911771569	-15.860501949963023
56	14.964450130820001	166.21680682682293	41.6418225147955	92.92236980311824	94.11743959570063	20.822347920980626	-13.229152096123983	-131.89778252612174	88.41914336893223	66.997715837344	53.23591346370557	63.88950633449978	50.6351251282397	90.44063764243589	44.8688421591723	54.182018190886176	54.858027035738544	5.30499080470843	81.8115113899431	-19.572194970329047	34.62066039402932	27.950620502043954	-59.463050641994094	89.01809524726367	91.83023554810937	17.049873511011402	-41.59557604785067	78.2469889282752	183.0058535721209	30.35445732908437	-16.746772145667908	73.77033930533882	118.02155455022779	69.80310828086525	65.69354796259795	50.28395317838617
57	6.930695455347792	132.00231387698636	75.43241460195941	56.187359298021384	53.77667203170962	63.01824749174626	66.88251282907446	-37.44908016126714	78.28676224187922	180.57175642568941	7.148518957099919	69.81292662730539	-7.598333931495627	112.46095860733942	20.514778442754455	80.59310166246884	17.205226533663698	-92.40611887985841	96.13126932064509	33.87896522427373	44.78721023016921	25.34805507111279	-154.03537090786867	74.03320144381544	88.85166672991176	-1.238298815393477	22.17289726716828	12.556978586922769	107.13526713943008	36.95950909170115	24.781759368510077	14.731241086385642	70.02486416093556	37.78393018469863	86.563653030324	37.16500998792803
58	5.914716101514088	-142.01744811440292	-45.16184987962952	-56.88152301775192	-29.941756771064963	-11.845546752657569	-35.27744887743601	110.31660806264377	-76.32961508514606	-98.98562881002624	-15.157759510585706	-81.63346216846539	-24.34948732396137	-69.6608012067091	-51.96523725552533	-8.901091343718832	-105.55841293689161	80.85122652241319	-78.18448474110139	-5.220788990544487	-7.3657385890438745	-6.247184649192799	149.23608694515653	-81.45476074827991	-112.66001055048494	-56.7093860000235	37.305769411728065	1.8978745412201774	-170.12652168099487	13.866851738945265	39.47500314424616	-52.7183493084687	-82.68618797943489	-47.08471416874663	-35.28858904056186	-20.882848804925167
59	-19.91464076656251	62.07815085585404	-6.281632426512552	8.010464974817317	50.99753732186817	-18.72187463251142	-43.45045927424541	-133.78167200760498	-17.99510160447717	-22.256988622261858	46.71844410978568	84.93113671210716	26.709527699028385	31.77634998397297	0.3042992697251359	-15.589910565995606	118.97827949175941	37.288921183033885	51.63217442544973	103.38278036609495	5.40581492141459	-7.227693105702386	46.29579979768456	13.078928680995753	90.7862449347907	10.66175932850403	-34.465987518993465	-13.714889461154234	-34.674643192468025	-70.12136704227883	-95.21570946917839	30.543960606624754	4.6749115275388045	-31.441626432100414	46.57276519306867	22.265756560147114
60	35.16748834884193	-8.856749593725326	43.88626872255348	33.84101459659576	18.850695788872954	60.47335568381628	41.629188617224195	102.01537394226453	39.436780879542894	90.62309863215037	10.207999989013691	-55.25696327346697	10.258004796678511	11.6006697103618	43.29038045718179	59.721987642975805	-102.35356974946136	-58.85890159684984	9.577515015389006	-29.614552465137102	24.038474169860677	40.534635788243236	-119.99033526043674	-13.968392139704006	2.148911984588617	33.058101670188485	49.60639330836914	9.26784994162418	32.950578814154454	57.32514458538662	71.31120355547134	-25.994993185333463	22.46295343398168	57.442120238759976	33.13873716393362	-14.687239078792034
61	-65.40037061848487	-42.355327357828735	5.7219055015457405	-23.91131684309492	-25.41515018193616	9.944878290603594	-51.392146139203206	-44.45551580906859	12.547970171938836	-19.454964947200942	-29.694074699631052	22.649738052719446	-27.617341592722095	46.76042966575165	-80.295403451772	-28.0685983194302	-176.22279032362988	99.82336013144952	-21.529075504556758	71.65841534376607	18.14414329839711	-25.32236678563297	133.60110928325696	26.291235211978744	-43.69041491053252	-38.90198481180207	-1.978699262378124	-2.9088061165588184	-66.35056255534388	-21.293322197255538	-32.523364750359	6.984294794355743	-44.87385847974832	-1.0089106683538902	9.485711521232991	-2.3311205564920243
62	-4.6624871122586775	-36.62651817006663	-4.35943435544467	-39.18162487521576	-38.89220329758439	-25.579529212714487	-7.894586852543526	64.76622123412588	-35.95901436889464	-43.937762386990855	-65.12790916858529	-32.31687281512126	-13.916445058331878	-28.835027356245156	-54.74040377454398	-44.69392763147245	-114.67314189210629	-5.0656517566068	-60.71438874914301	41.31582478981351	-39.67479341232865	9.749616670309665	59.88533937864808	-74.5305493902347	-2.5417086605070747	-62.314802575596765	-27.05023309858809	-14.810805858626477	-135.80281616873273	-8.577199427232237	-28.674186475288753	-54.10858209366458	-49.94538002650339	4.022060801299632	-6.738071595267379	-17.744855914099958
63	11.995017851968788	-5.372212614098462	9.18089289414091	5.414014893917542	-3.906937272778146	-9.230986187918173	56.62158811411358	48.3134110946912	24.86700507623483	-12.377309624275735	4.95696251736099	1.8601799201722826	-14.834222670902545	-14.012046847157897	-26.970957420944956	6.6822921165312374	33.452075003745165	-59.55810622689148	-3.978250423684435	-3.5138370144963718	-11.580483493452189	11.029754547952763	-24.554983192338813	-23.018250027813007	-28.596863290010653	-15.27419682926566	-32.0393654909212	-9.818741041760148	-16.178659037021248	25.8261459866962	-0.5711614734208198	-24.323239188502185	-0.7390359095581758	-6.335149455594112	4.669194415716866	-33.08984746149302
64	-4.721509839521885	-89.69758479965462	-73.75992658399976	-102.79321642522864	-114.97026220268648	-41.28746733683291	-11.393972471412836	141.63527572004676	-98.69614899257338	-123.56959291549121	-72.6716986539212	-122.60753413307384	-59.61076181461566	-91.36075959615145	-96.25357231628875	-59.59793573906108	-28.346825222983735	40.47479208749787	-158.8859645697935	-83.03050608171641	-63.387402838948155	-29.286704483349933	90.15271301137281	-116.52885141352174	-109.60727541591874	-128.0099559524323	-6.439667379090792	-32.444267302185025	-182.9029598929652	35.557674169081466	54.920606801816916	-4.497742543079863	-56.963081727229515	-57.688749059181184	-111.96278311279899	-17.36753362041948
65	38.15601423104956	121.1931934745873	-67.58281450743739	24.32735592149368	26.371837662851988	-16.87234529618698	-26.814255986857862	-237.0360629329583	-21.99996714953787	39.027579978301375	84.62628256075453	62.85795797883673	43.44563776310247	49.168754187620706	122.39421819954487	8.30794985612765	216.5738485981277	63.26113374361873	52.48316212323096	-45.09585103926649	-50.014821802490054	-53.81729800426744	-29.90469358065816	5.096813179621744	79.20136382342476	59.05915489429142	-62.17590371437904	40.79450580169613	117.45113453658405	-118.75305847846127	-19.654405816670735	47.98459563842247	41.81234086825338	69.493279653242	43.88786323567689	104.7758078613608
66	4.075863582524736	-90.33403464868266	46.29087551420285	-6.207142373742052	-1.1340121700701484	31.317005668332982	15.286170405763885	96.32382173863637	41.39093705774391	20.655336918368008	-47.9109651026176	-6.2394394616025135	-10.973556804766439	-27.450798616968008	-25.16219722128727	15.078376725028626	-140.05876943604886	-12.473343084536362	-1.502837519750377	-14.678325865618552	57.14531790220617	15.845975746482058	40.04316852839475	66.01559928242447	-59.027291465743495	8.864204146954895	96.98561375206006	16.16575420583611	-15.948062070857858	49.56519431906991	44.58794847992921	7.670782915294315	13.453030699147266	-17.250025591308123	-25.58261729449326	-25.919152361482787
67	-57.429497962395445	38.68280128378975	68.36108730560734	74.22921196731477	83.59318848442507	40.226681574164026	-39.583492536270406	163.70723965302813	-12.947775576580533	-50.03792466821127	-4.277780397880047	-40.24267543962622	79.79499091733224	75.90165802327259	-38.823026727599085	18.5411005765101	-148.22895542651614	-148.8434197667722	49.63721339312973	186.26889258290376	22.7832698717202	178.098997237621	-90.61997790833276	-55.44118978952449	152.62330841963578	-59.81061439170715	50.509463974775834	-53.06877896706869	-74.56298676072878	74.69666257972791	-108.75159526738983	-44.29824310803125	7.377836065089303	20.88168293842349	77.4399388322512	-106.68587485716407
68	65.23391491805646	-51.59384639336546	-8.051800625119617	-39.14873607220198	-52.31052502069783	-18.68531878293723	46.965675059417414	-38.42010097915502	3.78017312856817	46.16350175193925	-3.8458201463881334	20.234441762671143	-51.558414860602475	-43.398728846215214	7.954513928044323	12.743442437015045	79.35720836447022	96.0308972757418	-48.758950806180636	-105.35460918312238	-19.80946869368753	-97.33614817253746	60.29261122182923	25.635826839803123	-88.9798968807414	30.982905803277855	-30.28439769688691	31.923437690222777	-7.763348713697946	-20.911372266771597	101.2425753044152	11.381646168609908	-2.3788454951204328	-3.977024036518977	-30.019798115450662	90.21673508614931
69	-87.65385889059449	64.29066736078364	-19.989745346412953	-54.522745001292826	-35.610386209629965	-36.266600079100655	-9.876330363313905	-138.36402313593763	33.36479238727389	69.73444205315009	-10.64461286498353	53.40048010497346	-74.17440395409045	41.944409611183	-2.7347034286836185	-36.349695612459186	1.624655926461386	63.68542294250649	-6.253686280294096	-20.305368051767964	37.79476204567569	-81.02309614415763	-10.392420178569134	51.66230681301225	-70.96357278572552	-5.077038739610888	-32.30589785399397	8.285369811702026	124.73176695987527	-28.112426327000016	-55.47869992298125	22.74962175514041	-32.256264973223075	-48.26502799091896	-59.494562860073565	-49.83565795850491
70	68.97226465254941	-60.36192993801186	-57.62053085262844	7.818882600262631	-21.911243750291746	-10.89490200985335	-18.464661531468668	71.63206273908422	-94.57410144476883	-140.67270750847484	25.780716243342447	-76.16266350095958	32.1491377306796	-115.29856444454778	39.94668853855688	-15.500982888969988	45.22298027883409	-101.02651852974324	-18.974305773666693	-99.37913939512893	-88.44761938880909	31.643084166003995	-15.222718123647141	-50.86378842440417	6.015484563086609	-4.213354473324662	33.58650732264885	-8.08430689522908	-3.5115141163126555	-4.998502259787821	30.279422945386003	-29.127774635570365	2.7044118738003884	9.022983214801439	-35.69373847597183	-58.379177788819376
71	33.80786676363775	92.74165902653803	26.858630186057628	71.05379488506834	66.00343087157687	-8.995884708546619	-23.253305628136417	-92.15880230039923	69.8351211564842	-10.500873960681183	53.850488148969006	49.124145508002	63.12242393394745	50.6785021057844	87.96898292939494	32.94228667110934	21.215839874864557	40.992749391922914	95.98858061138377	-4.492475491915097	85.78778887047048	23.190315789746855	30.620541866930182	86.43882729624605	126.96526553042641	54.527994440038	53.092617022265365	42.60721421728122	106.06298587160205	-47.23318290730167	-24.9916683470267	57.86638696344528	129.72436584822043	83.8127702410783	55.219820302712264	81.71269392045424
72	46.845521848940855	104.54418776941668	-6.434353069626127	41.13424615022996	40.647257948517876	-13.761912161496038	-23.69049403291535	-333.58719526304185	73.45740282383564	47.58097880762081	77.56602060684405	80.01726513852616	1.952395914382331	109.73304181617188	94.73521490371111	-11.405338421627437	54.581661792823866	89.56163372934861	86.86706428858176	36.162152748302304	66.10772883867614	-60.20591621645749	32.354423253035414	123.26938251668493	100.9139182661847	113.11513160258615	-70.27307304383154	88.13775223370921	186.8938204868293	-166.80234973108537	-77.54478110226111	90.16270899793	51.12491706066447	27.506629855819707	54.11456097739399	172.2669275160198
73	-53.8564951983878	-64.51365039028875	-7.219374669188621	-23.677229177350885	19.31446671882979	22.54770109601677	25.40424117508793	47.88323720074042	-22.96936905479602	-29.94967316889754	29.30870289520789	-31.743572408854305	-39.731359665558735	-52.686951859815686	-19.15543136084198	18.898135824614837	55.352897764857644	-10.140156630221282	10.96870816311182	13.549961251302479	10.125227539333814	-38.6102436093752	-31.34805077953673	-63.63995376044429	-59.86619111017759	63.673286403874776	12.845619870901993	-90.81411526118087	-51.830300260729	114.2353891581662	33.54025415637405	-21.825963787442696	-36.69196509084851	-76.74206194138688	-17.369434793424077	-89.43557415837816
74	-40.837617125269	43.41844585434743	60.30458893627822	28.920320739622156	3.1794797712799006	-18.326184478651523	-33.00935286387832	98.33068185440588	10.546989074962193	69.81342655079499	-67.0349011717335	-17.923757476748758	80.86683728515757	4.907782514465536	43.60969843787604	31.61208566649547	-40.470296076958654	-51.54959250956085	-12.151174524983785	-97.07297818386313	-18.87460317494055	81.91207112805849	-99.7125631273163	90.82577151419001	9.66113876301553	-86.6723183245905	82.4193227665081	89.84893637602094	163.9445875034786	28.682024785341937	53.64493675686875	2.815212435946557	51.819195588719786	10.786625546617715	-55.771554961099476	-20.481929083751616
75	46.33456949068021	-39.91455666508054	-30.989275484582556	-2.8208788993127722	-25.786398409183747	-8.222493141625284	-39.06578774426186	-87.29496396428517	15.751649641273476	36.40648878609397	0.28327577984555175	0.24599243969921286	-5.9927600558593115	-4.8393682918717795	9.043217370023694	-26.20683340964647	5.829271417496635	45.96871696266556	-13.710046664942734	-41.17628020582525	3.077186211301037	-51.79776576892576	32.06808455767809	43.20723987186573	-55.77438548469108	12.436256964248349	-39.083015463728955	37.37710044008656	47.63916814631448	-105.27186907897533	11.151847574421792	33.160694170410295	-28.333081544612668	-8.49419957867595	-13.401379844388346	79.46217372881078
76	67.36978071868936	-164.4261893957619	-96.12966521061219	-46.045128100272464	-14.59093693619811	34.9188290242737	89.328106455711	112.31940862476489	-119.80635358625439	-102.79676574733311	119.80682768143629	-84.20333551702849	-104.73795399909348	-165.55695128979343	-29.905466132710295	32.720764435993324	216.1931121979137	44.1741726696723	-27.426560345734696	-31.015091735662438	-46.272098118337496	-101.62941799242137	61.01413031980155	-206.5062868209211	-138.24259586756332	44.80043964594639	-29.13315907221881	-148.47120231664775	-285.36563468479045	95.16897268727575	72.16139892207823	-4.495237162469586	-44.94274699000968	-82.19898471146448	28.460712176835923	-44.917879258139195
77	-75.77902989112292	112.02802721569037	87.06258120861588	42.33155406376814	11.442330839146534	-2.3412389878417685	-61.13790667502951	3.638063833464951	117.66505555277443	87.36433213619895	-115.32403096932279	51.94759003226454	90.54211540185635	124.9972335866616	-16.949985024435627	-14.387111945549178	-228.19434014173007	-80.69895565098345	14.005343589683426	19.21205867814125	33.40580366420969	108.95415343104006	-86.10432688333664	143.96032563025156	90.49646632296728	-55.54327703641073	17.63093175455132	87.98496561504295	193.94031450409605	-14.341794204711988	-45.248636678465765	-23.09484178414989	24.926389325989714	69.42308048987947	-29.63022655554233	-19.080619932399458
78	82.01843081038685	43.62412474131857	9.18019777635035	79.07490633982266	21.222494223682013	-27.624298549241757	-131.79580303354282	-221.05264411530965	102.38207462805688	30.740362737351653	13.714008700226445	68.71013237089896	51.11953244313641	23.808466113695907	89.2555983646968	10.662503438328105	-70.51463883433829	187.1218296102442	46.6263753795064	-37.35184602229814	56.26685291798036	-25.80740331846581	261.49476621185084	164.11483439217156	4.359795155697985	16.562466192452884	-67.97681982793489	158.07082512280567	290.9554172303999	-112.91456551988925	-86.41861160370622	103.46637710622255	100.64265614507057	45.826878323936455	32.680388975766526	156.02454408633918
79	-13.69397915609741	-17.400888012136722	2.930360524624143	-16.98752185974369	-2.7275893623709466	18.631268297931864	49.845940724246724	71.643788833838	-29.6383093221687	-4.303738536584947	19.919229399877082	-23.63342237526086	-14.717525372550558	-13.851383314406311	-15.118961715551645	11.49009158850548	36.53182029301494	-57.91581735726656	-8.068895203122878	6.62126711121507	-13.939209399999015	8.96403328538673	-101.19872259568125	-55.10359919768029	4.246234303482381	1.6219516726381555	29.465678275425635	-50.71679072024446	-100.54554432086952	32.393109711844644	36.22915480680612	-29.195059172045422	-26.72707250107812	-4.949251085086125	-2.5894676571869724	-37.74920774306307
80	-165.87683306663203	-20.227126776928305	143.55536797292342	81.8672434025163	108.48457798578904	124.94344364838268	-17.211463373548597	-50.131035442603505	142.07718137224055	190.0503874880003	4.451824222217655	66.75963743773947	64.45550980218044	114.54523356456781	-36.19752348431504	58.57208126391206	-66.14333227554818	-30.138576342915968	142.89250642403454	222.9259220028885	80.0031714506926	-19.763429943963075	-248.9004859119763	6.779140962100865	62.96448953834835	144.06840932137138	-35.00599096414818	-145.45398106111256	-20.036499244260085	132.04848963009556	8.612480813400047	-31.8065227711598	-60.96211705692335	-68.75284465902216	115.84462670471856	-5.284871581264615
81	138.24134038474008	203.79871856623964	6.365872294722278	67.82657533470463	70.0458333978051	-67.15665131583037	15.829739335630048	-170.70498170192732	40.9826896122994	25.34781676407701	51.61889602078506	128.97973641570798	54.32177486102454	95.00019154319222	138.47611790001375	9.728345510248438	63.66295496833056	-12.674823197511245	98.41250522642258	-20.340443881360972	40.737469179234225	59.12618427825946	122.36105946240347	188.7989385221491	151.17673733463178	23.10334407818104	-1.3971458959681553	182.12614888071016	277.04058660531206	-188.02698582040372	-123.29708982287276	48.0647985221193	141.58854147105995	147.67424201660998	69.0780275729921	114.78521795565852
82	-291.03148854358113	77.27344554178151	-76.73584969727249	-163.08955298754773	-277.75839549835223	-296.50686698534605	-511.93906508205345	-861.503927555258	-85.7353609364725	38.24144949678586	-262.59344107345675	44.25038010759229	-5.929231411266711	1.5941324090200402	43.720862774457316	-437.60999984570867	-570.7263078710209	-131.72212693955962	-84.45832952717625	-4.287848792778201	-180.76481051130807	-365.048849108128	-200.1004372620766	164.6809735471858	51.29420422690619	-174.14263509380945	-391.92405170574085	-46.00995190972321	554.1274634086452	-644.525176481598	-493.47206534433593	-171.33106225149817	-384.7804621199607	-229.878426178945	-227.472717091897	-14.930852959284206
83	460.6535371632203	-10.143931749687386	124.33300202837624	275.08944665824123	411.3497556964154	425.1470312141191	738.1113301767211	1185.0519870649584	147.86038417636544	-13.880650231829971	382.15708250290476	-20.542941994028624	41.17503550897525	66.91863803379579	-19.822058338990935	650.9794225196244	831.9629862822288	194.62837157371075	143.1329806599745	-2.928006702459662	268.682502373387	564.2864663395205	292.3850744480693	-169.1207460994069	2.1449423659006666	230.26862719942952	564.0922343571347	140.8016894427646	-710.5752691247023	880.2810538698014	691.1552582081323	269.5813970728649	615.8755752498104	397.858443767971	359.06881021149087	84.30028272548084
